DZBFYA73JIG4X2LF,1989-11-30,Ben,Holguin-Goldstein,willian_rayford77@hotmail.com
6JIMJEQK5G9RCG9Y,1992-02-25,Beau,Brunner,clarita-cosby7@impact.com
BT82GHF48G0G8C0G,2018-05-20,Leanne,Fletcher,latanya30078@hotmail.com
JE95PKR16I42EHSP,2003-05-31,Rosaura,Cook,lezlie_loftis1063@yahoo.com
ZYSY5LR12IDI18RQ,1971-08-26,Franklyn,Beasley,marylou080@admitted.com
QPKRMQ20ZUL9QXDR,1991-08-11,Tod,Dubois,hertha_terrell642@actor.com
3QLR5HX061VMM26U,2003-09-28,Barabara,Witte,bettye1@trauma.com
RJMRKA7NQH8ZOMSG,2007-03-12,Petra,Giron,nedcourtney9@mega.mil.qa
69BS0FM1DBTQ64SE,1978-04-02,Chantelle,Caruso,winnie.tarver@electron.com
YTB8ASQ6JO4ZVOOM,1994-11-29,Jene,Denny,alexia06@fastest.com
K5E6YGZ886DQF7M4,1975-03-15,Shelley,Harder,kaylenegraham@championships.com
9GCPJGGQBAG6KNYD,1996-05-04,Cathrine,Guerrero,denisse_goforth@ear.com
RFC7P0163C6TA9MC,1988-09-05,Reiko,Nolan,kristanfryer95@yahoo.com
4G56RSG1O3EFQQOQ,1996-11-03,Cicely,Wilbanks,cherry_hickson7039@gmail.com
K7SCQRGSBT9BX4HI,2006-07-08,Aja,Frank,hans_ivy64841@yahoo.com
ZO9CO4CUHY5V1TB6,2008-06-23,Rebecca,Ransom,maryellen-turner@yahoo.com
BFUYD17DHBDO7REQ,1988-09-26,Wm,Goble,elvinmcdowell-usher458@continue.com
977Q1D2KC8S4B45E,1984-08-25,Luella,Dube,celeste50240@gmail.com
8XULMNC8D7NK3KPQ,2014-09-30,Terra,Apodaca,laverne.zambrano10674@hotmail.com
U4EV5A0B7KNEMV2A,1975-09-03,Jonelle,Mcconnell,romaine87@auburn.com
SRTQANQ30Y07PE0K,2013-04-02,Arnoldo,Laplante,herminebinkley@kb.com
N1GRYT7BANGAYBVB,1989-07-25,Ethelyn,Yarborough-Petersen,belkis_villarreal928@gmail.com
3ZSGZXUBFT8Q572D,2005-10-25,Darlene,Vanburen,doreatha_turney4@insects.com
XYKILYL8NBQUOQ5C,1978-05-21,Miquel,Robson,arlen_handy@yahoo.com
G6I8VADBMRGRMU3V,1974-08-26,Noelia,Lassiter,lorie_maples@denied.com
LE5V5QM3VQ021SLJ,1986-11-07,Mei,Lujan,marth.calvin@hotmail.com
Z6SPSMOTD3GOKU3I,2020-07-18,Lida,Pettit,stefani5700@hotmail.com
2P2U6QRRF4MFSPKJ,1988-06-06,Tod,Wooden,clay625@disposal.com
BQHJUJKAQ5Q1RD8O,2014-11-09,Christy,Gauthier,adrien.harwell72096@gmail.com
4787ZRZ8C1Y686BQ,2003-05-16,Simone,Smiley,elyse1@gmail.com
25KMQ4JQQGLQ03DS,1979-11-28,Angelica,Marcum,kacey31739@synthesis.com
8H61J5SQ441RVFCC,1974-09-01,Clarita,Weddle,daine70617@experienced.com
NXKRI151ALGEQ9YY,2003-12-30,Ula,Royal,marianne66201@feof.com
C4DT7LEN56IOYUDG,2018-03-24,Carolynn,Rankin,maybelle.putman@policy.com
J1NLT3JV1N4BHIAX,2025-05-25,Sheilah,Sorensen,jettie_flynn-wenger@acoustic.com
3QFZUPKNVRL2ONEK,1975-05-17,Gretta,Olson,jeane_maples3@retreat.com
1OT93M0XQALJOC20,2002-12-15,Betsy,Lauer,rolande_landis5@modeling.com
U8RR1MECJRR7PHKD,2008-04-15,Abigail,Little,aricajefferies@living.com
TQFCRNDZ2OP9K64A,2003-01-17,Kassandra,Hayden,harvey971@ways.com
7ISUPIYJ30HR8ZNJ,1996-11-22,Doloris,Beyer,alia308@hotmail.com
SSDXGL0VMDFYGBA0,2000-06-18,Lia,Vann,lorna-sheffield@gmail.com
79KEK4MY9NGNSU51,2015-06-17,Sung,Dunaway,loura260@reflection.com
5ADKB0UTEPI5UG6Q,2013-06-18,Youlanda,Cerda,jared_paz@gmail.com
1LZ4CA3K2JJAX1BB,2010-12-14,Val,Tapia,victorinachamberlain373@gmail.com
9OQMEE6HMEAGB9QA,2024-05-13,Cinda,Ponce,twana.hodge842@counsel.com
2Q61IXP69Y5QE4DC,2023-10-16,Asuncion,Schaeffer,ossie_rome@gmail.com
C6DS8AQPNHCMLQYS,1990-12-05,Roslyn,Gonsalves,stacykellum@frequent.com
5O2TSBMP2O9F2PFD,1997-07-24,Many,Crespo,tilda_adcock-clemente68@yahoo.com
VQLXAF8PNKF0RIT6,1974-07-05,Glenna,Early,sherrell-gracia@delaware.com
7SO07L7LP8T6PL77,1996-02-15,Alysha,Bull,heather_tiller@wants.com
P3NAZV8QEGEBEE9A,2017-03-31,Xiao,Head,natisha_conners@bio.gildeskål.no
QN5D8450OJNROMTC,1974-04-07,Grover,Vincent,hilaria-hughey@kinds.com
03QH4SAMRQZFFQY9,2016-02-07,Lillia,Boykin,stephany30@may.com
06EC4X4Q80EAP6OI,1972-10-14,Summer,New-Pauley,nakia-lindgren9235@hotmail.com
7EKE70I50ZNPA6Q7,1987-04-02,Rubye,Lyman,quintin.chase3741@brief.ubank
ISHIIVB9Z4XL9R45,2003-08-29,Damion,Hammer,johnsonpate9@hotmail.com
T2NX5L89PS45TFRE,1995-10-29,Andres,Nugent,florence31@economy.com
1OTP0PCQG3OLVHV4,1974-12-16,Loma,Mortensen,heriberto_gee30@gmail.com
NCZH06BD3ZYBUCT3,2002-04-20,Lula,Bertram,lavada252@gmail.com
N14YM907JLJQTQ3N,2003-01-13,Denae,Willett,eun16939@gmail.com
TLZTPXBQGEGDPZH8,2002-01-22,Eulalia,Trowbridge,wendolyn79@rj.com
2MNOIAIB1XD5CUK5,1989-10-22,Carlotta,Tisdale,chung-narvaez264@hotmail.com
5RDS3JO0OF3XNUL1,2000-07-30,Dominick,Gillis,sandacarrington08@yahoo.com
PG6HMN3AAV5K7HXN,2025-08-07,Johna,Buxton,tonita-manley@gmail.com
E20N2PAEQX3FQXLG,1989-01-04,Ona,Knight,ma4@yahoo.com
U4Q1CTQCR74FZKUX,1983-12-02,Zack,Rendon,yesseniafisher3@chat.cd
0XFQ0T3C8NOXY9OI,1979-10-20,Maranda,Brunner,tracee_allred@gmail.com
HV30IXRFK5LK5ZPT,1988-01-28,Karoline,Denton,cherise_foss1@char.com
Z6LAG2TT846TQIPE,1976-07-08,Jeanne,Ryan,charlene-yoder@gmail.com
LZJ8AXQJC5K3Z1H9,1983-05-07,Merrill,Colson,marylouiseneal1@titanium.com
GS726OYLQHQQZ67Y,2012-10-26,Eden,Person,kazuko4861@gmail.com
SETCVDNCDP1MMTHC,1973-04-23,Dirk,Burkhart,rosalva.akin@paragraph.com
PAF1OOHESPQSH0JQ,1991-07-01,Meghann,Smothers,randolph.rock17@gmail.com
T7543CNAHHQ2C27E,1979-05-08,Loree,Robinette,carissa085@yahoo.com
2ANF6P9XGA0FJGYC,1990-02-27,Renae,Singleton,tiny-eastman@speakers.com
2YKFBQANJNVC4H1N,2006-03-27,Buena,Mitchell,diedraphipps@gmail.com
9YXZA278ET339YBA,1975-08-03,Doris,Murray,rossana9@terminology.com
YG3Q2TX7UZUSR0IU,2013-08-16,Francoise,Desimone-Holiday,jolanda_boone8@yahoo.com
PHSPG4L1EN4IXJOZ,1982-03-13,Mechelle,Vargas,gerry-trammell5@yahoo.com
BOXUFQKH21UE5V9U,1973-09-25,Fanny,Sterling,toni530@ampland.com
L4A80ZH2QXL0TK2C,2000-05-28,Fumiko,Lynch,elna.wester4120@yahoo.com
V2I5AC8IG9EO8RVJ,2011-03-23,Armanda,Battle,hanh.schwarz@talented.com
QI71VIADB639GNAO,1983-09-14,Nigel,Gayle-Arce,jeannine.stonge4839@yahoo.com
SSLXLHEKEUSOTT8S,1995-06-01,Ken,Hamm,katlyn26376@pole.com
XLKYD65EDSIFGM4P,2010-03-30,Chester,Beckwith,katerine-jung7@utilities.com
JAXMFQ4EBJ50YAKI,1980-05-07,Syble,Matthew,cathrinemusgrove@destinations.com
KF3ECTFT08AQD9KH,2017-11-28,Sina,Park,seymourcrane@yahoo.com
BV5YU10ZLT5Z0DIL,2023-06-05,Barbara,Hubert,cassi.schilling822@hotmail.com
HM7LY6IOMVRCD83I,2017-06-23,Modesto,Pearce,kathe.hyatt318@theaters.com
TSLP6I8TVYZ7CMVJ,2002-09-23,Taylor,Cantrell-Myers,elden_burt@gmail.com
9NZK26FOX9Q8NJ5D,2006-06-17,Kenyetta,Grossman,salvatore-see54896@yahoo.com
VEN5EO9IPQ2TKBZV,1987-11-09,Wally,Frierson,lasandra_burdette@consoles.com
P9UN8ZIZHRXKP1C0,2017-03-17,Hilda,Karr,maranda604@maintains.com
HJRITS9XBE8Q2HKB,2009-08-22,Aide,Sparrow,annabelle-rodriguez@hotmail.com
JVRVLCPGMQTG0QJJ,1998-10-31,Melaine,Cage,jenicemcmaster7304@yahoo.com
PGQ3N6OJLPQHHDPQ,2022-10-14,Lidia,Ma-Pressley,junko_yarbrough@lee.com
2FM6U3U59TQGL5YO,2008-06-25,Marcella,Singletary,lavonna.sun0590@hotmail.com
005E8Z6AJ1622QRL,1996-11-10,Nichelle,Donnell,karie_hillard@christine.com
8U3JQGOZRZLDOI8R,1997-04-22,Elise,Rosado,tonisha0272@yahoo.com
R8YM41DQX2GKDUE7,2022-10-08,Darwin,Tapia,rocco-tompkins@has.com
94V14PPTO9ZR2I4X,1981-02-12,Makeda,Loving,glaydsdeboer@thailand.com
D77UTSQRZXKS15QD,1997-04-11,Pricilla,Augustine,dante.cortes@gmail.com
Z04OT0M1XHULBZ6I,2023-07-17,Antonette,Towns,yvette09@hotmail.com
A7FY1GL0PNZDHYE0,2008-03-19,Katie,Hinkle-Fowler,leonialemaster@hotmail.com
57XAOUG8XBJD4ZM6,2008-01-06,Deja,Espino,ernestina1801@gmail.com
EN11O4OCZCTMARXD,1999-06-20,Wyatt,Rinaldi,jerrelleagle066@ya.com
4N4UZYT4H6EJRGNS,1991-01-24,Riley,Brigham,sofia_langley3@taxation.com
5B0QTX7ZT7R5QJQ0,1972-11-06,Florine,Canfield-Stanley,arnita7567@hotmail.com
J8GIJ3RVCI7U8HI9,2004-05-25,Jeremy,Beavers,nona.fredericks@analysts.com
M8Z6P653HKP7BNHM,1979-07-11,Valorie,Salerno,tiffiny716@gmail.com
UJCJ8TJFOKAYAVOF,2004-05-17,Michiko,Santos,alfredia-villegas@controversy.com
VNM3RZIYGR44321S,2014-12-11,Betsey,Bader,genevieve_rivera25@gmail.com
KC6G81HF2T7B8Q8M,1981-05-10,Vannesa,Kopp,hannelore_richter44@joke.com
HREJC2U5BLNOUPMQ,1985-05-16,Omer,Chew,rosariowallin39@mc.yawatahama.ehime.jp
RX0U2YBAKNLVXG5P,1989-04-16,Joann,Mcgraw,arden.kinney@hotmail.com
HPS8NRXQ22R1FTZ8,2012-08-08,Aldo,Mcgowan,star.olive71295@closer.com
44ZAR3E3023SOSQD,2003-05-07,Brianna,Wyatt,jolie.mckinney@yahoo.com
MOTT4S2Y3I38MVGA,1978-03-12,Collette,Marcus,bibi-seitz4@yahoo.com
7J5RHQDDMYTUGQGU,1983-01-01,Mercedes,Holly,ruth.barth9@hotmail.com
IFV7NY2Q62C2HU9F,2007-01-18,Dionne,Zepeda,larisa_tripp1721@pdf.com
83RHOCA0L7HN4C5X,2000-05-23,Hank,Gower,roosevelt_wallen82700@iowa.com
G1HLVZJIMVLLK22T,2025-02-01,Cassandra,Smith,janel-tilton@extended.com
8YU220XC86YNYDVS,1979-05-30,Vada,Poston,marlin-edmond@yahoo.com
M651T92G389L6QJP,2008-07-13,Mack,Thomason,renee.lemieux0@hotmail.com
2Q89EHYECVOQITS9,2004-03-06,Sang,Roney,lavonnemcgraw9548@yahoo.com
CC0MZADVB0I9FLNY,1972-12-27,Malorie,Garvey,lenora.mccallum@magazine.com
O0QFYIBVGTPQRZ0H,2023-12-24,Caren,Aldridge,aurelio9988@ae.com
9BON137DJLQLS4PN,2016-09-21,Magali,Ramey,camilla_rutter840@intend.com
HQYCQVUL1ZXF3H13,2020-10-07,Larhonda,Banda,jerri.barnard@yahoo.com
Q0EYYVTF2Y9FCQDQ,2020-03-20,Giselle,Dabney,wes_mcfarland155@yahoo.com
8NBJOH3PGY2JQ01E,2005-12-29,Forrest,Staggs,margareta-burger@morocco.com
FZNLS31S3Z9E2T58,2016-04-08,Juana,Tomlin,carmelina.gabriel3@yahoo.com
EXIITBJP7Q6NEO8C,1976-12-02,Dominic,Alfonso,bennett7680@patches.com
7J86HTYCIEK2EFDF,1991-02-05,Arlena,Gallant,laquanda.purvis5@hotmail.com
QGXM21ITCG81N7QS,2023-05-02,Ashlee,Swearingen,hannelore-weber-macleod6587@yahoo.com
ILQ1RXV605E9IBQ9,2023-06-20,Keira,Luna,raquel793@yahoo.com
L4G9V0QE4JLBIIIZ,1997-02-24,Tiny,Barone,alice.swann8849@hotmail.com
QSDGKIG1S3521J6G,2012-10-29,Bridgette,Winters,imogeneyazzie@hotmail.com
EZR3VOF0IQP38J82,2005-10-31,Florentina,Key,daniele-kent16519@flush.com
8RQ626MRB5L56ZZ4,1973-07-11,Serita,Hatfield,mitsue_denney@lifestyle.com
D7MTYLBOYD01A3XU,2000-04-01,Dolores,Mcclanahan,bethann91952@strengthen.c.bg
0HA5N1I22KR8F84H,1994-01-18,Flavia,Oliphant,clark-paredes429@keyword.com
HVT7SH3X68UFTMGI,1989-01-16,Kathrin,Weed,zora_rupert-reagan@colonial.blogspot.ca
D1IARO0OPI9HH6D6,1996-11-12,Mariko,Collett,lyndondawson1370@gmail.com
VRSNDQYJN34PO6UM,2025-07-15,Marlena,Kramer,tammi-castle86@creator.com
0ENUUQCI7HQVAPOU,1986-06-01,Kymberly,Rosser,yvone_ricks@sequence.com
EFNQV1KL18Q8FQ8Q,2007-04-22,Alfonzo,Mcclintock,sherron89@yahoo.com
BCQAM1ZRLYFYH3BL,1982-07-08,Bobbie,Everson,meta_darnell78@devil.com
6FX7J9DYKLYLB0G7,1989-06-06,Jacqulyn,Bartholomew,tomasa50@gmail.com
E4LMQOLI33N3BPCY,2013-08-24,Shavonda,Burchfield,twandapearsall@aa.com
DB7AA2S98CQEQX1P,2011-01-25,Lita,Stillwell,bernita26@shopzilla.com
SU2SPL481Z9I9GCD,2011-05-26,Samira,Venegas,thersafajardo7129@alt.com
7IIOAXJ2KRMDEQUQ,1997-03-17,Tyrone,Hammond,denitashapiro@ide.com
RQQ73L91M0X7COCZ,1990-01-12,Nona,Shipley,paulette2@hotmail.com
1Z8FNCAXBA3RPD9Q,1970-02-16,Lorretta,Woody,walter.hester@vb.com
UCM5L0L2E1V8V4LR,2024-09-22,Christinia,Boettcher,leia14@yahoo.com
IXVO3PDISIROX9E5,1992-06-14,Yuko,Connor,georgene_andrade-hale21486@hotmail.com
A2VN4AQF0Y05TACE,2011-09-18,Miss,Windsor,darren-browder@yahoo.com
YCCHXPZI782AYJ4Z,2006-06-03,Dalene,Badger,natoshabettis6837@meters.com
4DEQHDSHQ2J3UMO3,1971-04-26,Georgia,Fried,myron36626@meditation.com
ZQA3A7X1E912QYF5,2001-09-30,Leroy,Trout,peggie-turney@yahoo.com
XGOQDYSQE2E4D4AQ,1970-01-29,Thomasine,Ornelas,burton.doyle150@cad.com
6KH0ZYZ28X4D128P,1986-01-21,Josphine,Bernal,marissa309@yahoo.com
EP1Q1EEC4MZEBXN3,1986-09-15,Merry,Grooms,erik-winchester@yahoo.com
7EHSCDZB6QDYFQPF,2011-06-19,Joanie,Archie,chieko365@hotmail.com
DMVPHBDTQBG60KZR,1991-06-23,Kylie,Ledbetter,christianawoodall@casual.com
Y92CPTQG7Q1G8BFH,1991-08-22,Eugenie,Buffington,daniele312@limiting.rzgw.gov.pl
EKJA2DH1TFL2PY7N,1993-01-23,Miyoko,Leslie,belledelatorre@schedules.com
KP58OSL117GVQHAQ,1986-09-21,Debera,Loveless,carmelia_beaty@poison.com
LK7PMKSZDH5OH70F,2021-07-28,Tiera,Blanton,tamala-nathan32@vinyl.com
BOS2FLQ5D33C5BAZ,1991-03-30,Stevie,Keller-Gray,alison_numbers91@yahoo.com
3K59UIQXTYADQQXT,2004-02-06,Cindi,Lacey,porsha-chestnut@juvenile.com
4QF2IA8HIFYRCV2L,2011-01-28,Kymberly,Lange,ona_pendleton24428@gmail.com
KFSC8662127U4RIQ,1997-05-18,Ezra,Gandy,myung-crooks@ob.com
K4NZZQ79XK6CM2P2,1999-10-10,Doreen,Mcadams,slyvia-bush-alonso5@gmail.com
C1VI3ERQVG5J5QE5,2006-03-16,Melynda,Erickson,september171@tin.商城
RAS8BH4IX337FQFU,1996-08-07,Arianna,Potter,sheree_aragon3@textile.com
MZS7QA4HXTVSI3GN,1986-12-27,Ettie,Lattimore,monet5953@gmail.com
S2ZL4DUSEZEP564Y,1974-07-22,Nathanial,Boynton,donn8228@maldives.com
ZCG9DQB3HGQ5NLGO,2007-07-09,Ella,Peter,mel.reddick63032@hotmail.com
0JDGRJBLVNPVDQKD,2021-05-03,Krystle,Jacobson,manda4@hotmail.com
T8L2AMHHFB6AQQ1C,2003-02-01,Nestor,Sierra,darren-peel-drayton6066@capability.com
DLKIQ54YMKZ8QYL1,2004-09-26,Brandie,Givens,newton2@hotmail.com
3GRM50RV5U71BP64,1987-06-11,Madelene,Herrington,jarred20121@hotmail.com
S2NGNNE84CT23VV3,1990-01-10,Alyse,Phelan,daryl-beattie941@filename.cash
PTMLL2NY6GPSJ8SC,1988-08-27,Merrill,Nickel,claire-mccaskill@hotmail.com
C5AAU7ZOKQ1RMZ5X,1976-08-18,Jeannette,Slagle,enola-whitfield4161@hotmail.com
Q21F3EOMBHE1E06C,1990-04-27,Christel,Barringer,barbfreedman9654@yahoo.com
C0X581NOD1Z7PS0K,1977-09-04,Luetta,Jobe,erick_pratt@antonio.com
4ZVZJ2GAIM1NUPQQ,2021-04-17,Markita,Singh,kimberli49559@composition.com
MQCRJDQB2LH17ST2,1979-02-12,Sherilyn,Pulliam,brittany96@demonstrates.com
N2O5F3HYIUEEMH2T,1981-02-27,Cedrick,Roman,keira4@queens.com
O11I67L2QKEN4MUD,1986-09-02,Willy,Cervantes,velva177@yahoo.com
0MLMGNCCH9O4UUXS,1997-02-21,Shonna,Lackey,sheritaellsworth8188@yahoo.com
UZGH87BRSNNFL74Q,2019-08-19,Robby,Jarrell,fairytapp9824@gmail.com
Z73VVZ518O3BU0VM,1980-06-27,Harland,Noyes,fabian_schulz@hotmail.com
ZNA5QR6Q1K0YFH2A,1974-02-09,Kati,Bottoms,hans-dickey0@engage.gildeskål.no
JO6Q9XRB6098KNGV,1985-02-06,Linda,Byrd,erminia_gallardo@hotmail.com
LVJ95Z46UN7C59QN,2022-11-19,Ciera,Gruber-Ritchey,brendanbarrett-leonard@collar.snåsa.no
AHL7STQ0VQPOSZTC,2015-10-16,Perry,Vazquez,mui0247@hitting.com
VAK8PUOA0A5O7GVY,2001-06-09,Albina,Reynoso,jami8231@disclosure.sortland.no
KYE7HAM3D8H9RQEX,1976-03-07,Karma,Richter,zella_diaz@yahoo.com
GKT64MNQIS3TA3ZZ,1975-11-19,Modesta,Steffen,charmainhorowitz543@gmail.com
ICH4LIYKU94G4I6X,2022-10-17,Mandie,Valle,wilber.olivo8710@gmail.com
ZU0U5RHXINC9LLUJ,2002-01-10,Alishia,Landon,carmon60@stopped.com
LEDEL9H5SEB07TN4,1986-10-18,Somer,Michaud,krystin42402@depth.com
4OMJ3CLS6RJR2RYQ,1976-07-17,Meredith,Hoag,felicidad_mondragon@hotmail.com
IGB7595QD9YO4JJG,1972-02-28,August,Longo,felipemiles97102@starter.com
VVJM2TQ325XSMRGD,2016-11-17,Tashia,Rucker,jolanda_beasley18493@producers.shonai.fukuoka.jp
V7JY8Q17OQ4RQ87L,2019-04-20,Leandra,Lister,halley.snowden5@yahoo.com
VP35AD8FMJMDZKFD,1970-07-20,Brenton,Lemieux,franchesca-medlin54760@collaboration.com
7JMIFQA4XC1OYBI3,1973-02-04,Ta,Laughlin,rebbecca_gannon@dose.com
V6ZMBL908IUQZ0G7,1986-04-29,Wilbur,Phillip,mauricio.clinton@yahoo.com
IGTBGQM032GFVRDK,1976-12-03,Cecil,Nathan,kraig7@yahoo.com
32KVLSIZ5775I6PZ,1979-03-19,Davis,Pena-Page,pedro_akin@grammar.com
Z58ECM6HOIVH1POB,1974-07-25,Syreeta,Epstein,gil4757@trying.com
416G7D72EC386F2E,1999-01-05,Verena,Jack,meredith-streeter9@yahoo.com
4HEMASX6FLQV5L5G,2006-11-29,Shani,Ervin,bryant_holley93@hotmail.com
ICUP6C0I1BYBBXLC,1989-02-22,Harmony,Lucas,reanna5@yahoo.com
7FPK369NF4SLQHAJ,1986-08-13,Abel,Fleming,laverne72376@relationship.com
ZHD40ABJYDLD5NQB,1981-06-06,Thu,Tackett,porsha-rees85@gmail.com
ZM8CN42JLXA2E19Q,1998-07-01,Zoraida,Hogan,kurt77356@gmail.com
XXX4RTXGQUFZFMJG,2000-01-03,Kyle,Lowman,ilene2@packets.com
T9XV885Z3XPYTJP0,1998-08-23,Crysta,Easton,shondra.cass791@conflicts.com
XAIE1F03C3DAU82U,2009-11-12,Veola,Lunn,burt.curtis2432@screw.com
2RFV4Q2R7NQJ6MYJ,1984-05-06,Jacinta,Gatewood,toifrazier58@untitled.com
RB3G7O7KQE3M4X2O,2006-10-09,Karan,Woodward,marylynn-dodson-benner@psychiatry.com
J360T314VKI0Y0XV,2024-06-29,Linsey,Nunez,rubie.lowry8091@cnn.com
0JQ8QPTL9HQTFZ73,2013-08-13,Rhoda,Mancini-Littleton,gabriele2220@yahoo.com
OK2KGDVT862FVFQ3,2010-08-08,Keena,Janssen,noellebayer15@hotmail.com
S7CCEFYZMDEOVPM1,1979-06-13,Julee,Harter,romeo2@yahoo.com
K4KB55QDCQRZS65D,1977-04-17,Jacquelyn,Bethea,candi-durant432@equipment.bayern
ORCSJEV6RHV79P24,1991-01-07,Esther,Hamby,gerardo-staton-becker@hotmail.com
PTOJ7NS8SF0XA5L9,1994-06-07,Lashonda,Wolford,christena.packer5492@gmail.com
CG7IZM3DN3AKQ0MR,1993-07-18,Beaulah,Harper,ardella34041@gmail.com
4385BA1TNXRQ7ONQ,1984-10-04,Delora,Ruby,cristobal-ambrose@yahoo.com
SLEYTI6J4CVE22SZ,1980-08-20,Ewa,Thomsen,luetta-hartwell12@gmail.com
APD4AZUJJH6TRHKK,2019-01-09,Laila,Roman,jennifer_hansen148@yahoo.com
4ZN8IJX01RUX94D7,1978-04-25,Eddie,Ostrander,gildafolse-carrillo@gmail.com
C9VPHGLIYSML8EOI,2009-08-28,Kristian,Mcginnis,jonathan-bartholomew833@reseller.minamiise.mie.jp
J6T30U1NU43U26FO,2010-05-05,Jolyn,Donaldson,bunny-whiteman@morris.com
DPNY13LD8MVIZ9KV,2010-09-28,Belle,Savoy,angila_whitmore22022@chelsea.ba.leg.br
VFNOJDBLTBQBHZOJ,1986-10-05,Herma,Lanham,chanda_triplett62@yahoo.com
JMYGCLGJ7CSIY02F,1997-12-24,Rolanda,Timmons,inell-miner@cotton.mil.ge
Y5VOBHLVSQE056OX,1975-07-14,Lenna,Whaley,inger-eaton319@aurora.ro.im
FZTY1L5QDXM1JN9F,1981-03-22,Tracy,James,gaylavasquez@gmail.com
5QEPH3OIJJD4LXJ9,2011-08-09,Stan,Bolt,takisha_farrington@yahoo.com
JCDUI6DCMTCQ3AQ4,1988-07-10,Lelia,Matson,sherri.hynes99@hotmail.com
DL043RPKGQYO3QQI,1976-05-26,Tonja,Lafferty,daren.south102@gmail.com
G7TX9FS8GN7G44P5,2016-09-16,Jared,Thibodeaux,paulene960@yahoo.com
30578JQ211QL9TQV,1999-11-25,Eddie,Stanley,denisha-olson0@hotmail.com
66PLPP7VPHX1QEP6,1990-01-14,Kareen,Sam,nubia-pease3565@hotmail.com
J9AS1V0TTUUKVQFU,2017-03-03,Masako,Boothe,santos_fallon1@gmail.com
K285CPB1SZGDMP3N,1996-12-07,Alva,Mcvey,assuntaoden1039@attachment.com
1IDLQSKIFZBNYASI,2019-09-11,Althea,Monroe,manuelbrinkley2581@gmail.com
HPCKD8B7A03T3Y5C,2025-10-20,Buster,Allman,kandra5@gmail.com
N1EQSM92ZG3DL5T1,2007-09-07,Jarrett,Godinez,colton-delgadillo@gmail.com
LXY286PUPPSAO98J,1991-12-04,Lavonne,Windham,iris_lilly08237@something.com
AHRBE403V6ZCO47V,2010-09-24,Raquel,Donahue-Gilliam,antonio_pugh@yahoo.com
XUF4F2R70SHAGF90,1988-08-15,Rhett,Bouchard,keneth.oconnell@surprised.blogspot.ca
S0IGP2LYYQ2QUK5Z,1974-06-21,Angelia,Petty,ike.grant95@verbal.com
RS5QD85LU323SMC1,1974-05-13,Mendy,Brookshire,verda3287@hotmail.com
0M2MRLG9PBBA97PU,2001-03-20,Beula,Snell,raul.israel@hotmail.com
C7SXEIBJNG7IEETP,1970-03-31,Owen,Lemus,celiastacey883@hotmail.com
23QIGQHS8T1MQQB7,2004-02-28,Laci,Chavez,see-kozlowski@yahoo.com
QS4CIHF0BNB4F0IT,1994-07-19,Abbey,Wooten,ghislainenowak@hotmail.com
07SXJ8MDPKQ1G78L,1972-02-04,Margrett,Mangum,soilamcmichael@font.bike
7GC2H5F1KI1EXTCG,2008-06-21,Georgene,Whitlow,altha6973@prophet.brussels
VJHTIGG037KQQBPS,2014-08-26,Dixie,Harlow,edna_stiltner@greece.com
3C5L3DLX85KTR4TQ,2002-05-25,Adrienne,Mccloskey,berta.bunting28075@studied.com
QAPEH8BQSA8RBQY0,1984-01-06,Dona,Rhodes,wen.everett571@yahoo.com
OYUNU0MVYD6H7F8D,1985-05-11,Elayne,Montgomery,sherlyn-lennon2064@hotmail.com
7IBQUAKA3FRBRDJ8,1980-05-31,Cleopatra,Price,sofia_ingle207@gmail.com
DSGEX05I4TSJLQ4I,1975-12-31,Keiko,Pena,stephine39770@yahoo.com
P6PTTK5QE17N35Z7,2010-08-05,Zelda,Gann,takako.grigsby@yahoo.com
KNDGBB3SHLVOF3DP,1990-05-26,Jeramy,Padgett,jacquline.crook100@yahoo.com
T70CY7872S1RMQ4F,2022-10-22,Candida,Ragland,peter_bates4244@laws.com
QECV1JDAHUYSUCUB,2008-09-27,Maurice,Levin,alexia-garay0@passenger.com
3KPHQT9GODULQ7GZ,2006-08-14,Heide,Hurtado,isadora.archer@weak.com
YL448XENA7IR1V9G,1988-02-24,Alida,Sanchez,idalia-olivo7@gmail.com
9VTO0V78A7FDEM5S,1970-11-14,January,Easley,debbra-conover843@phone.com
EQC98B7MX19VCVIN,2000-08-05,Huong,Puente,truman-minton8@gmail.com
P4ZQ1OP9MYB5FKM5,2007-06-10,Meghann,Denson,nola-ly11@hotmail.com
TL4AMSS089PRZ7NM,2021-09-26,Lewis,Benavides,nicolette.rose81@sandwich.com
CGELE0M0YVOUBI4U,2000-06-17,Eryn,Burk,adriene_alfonso9@gmail.com
597HQHVRRAXRUT5H,1973-04-14,Meghann,Hynes,annalisa-kirby@gmail.com
PG3IDDD0HC2YV2HJ,1991-09-12,Winnie,Verdin,ranaeguerrero0@another.com
7GZT42EORA11G15Z,2019-01-28,Johnson,Ratcliff,parker-bankston@yahoo.com
E2VKIK774QQ3XSZI,1984-06-01,Berenice,Carney,jenelle-gearhart2988@hotmail.com
0EN85LOIVTODPZ3V,1979-11-28,Ettie,Willingham,majorclem@segments.com
3NU15II52KCZZ0RQ,1971-05-26,Mao,Main,karon63@hotmail.com
5IC95P4ZQ3Q0QV46,2025-08-19,Cleotilde,Mosier,ian59@hotmail.com
MYRCDT75E17RSAYS,2018-01-07,Paulette,Sheridan,jodie4912@yahoo.com
EO4AVI5P5MNYAQJH,1994-08-23,Isaiah,Jarrett,barbie514@casey.com
2XO7X5CJTOAZ25X0,1994-10-17,Aleta,Stockton,kena-temple@yahoo.com
PBUFR4E4U2E9DNUS,2005-03-12,Herlinda,Bush,yan.tarver4940@gmail.com
QS74SK2NDITJR3T7,1997-10-08,Starla,Richey,dariusbeeson10494@functioning.com
31TCPHRXS6CLYJYV,1978-06-03,Sebrina,Lo,booker393@abilities.com
HQHZRCUQMBBVZAJJ,1991-08-24,Ramonita,Couture,arlen_yi@hotmail.com
HBQQQE245GBN24DR,2002-11-01,Wilmer,Ouellette,kathy.joseph@hotmail.com
7VNCG6LCMUZMFPFN,1982-08-03,Rachell,Schilling,dara.doe@hotmail.com
342X3QUJON627LUU,2013-12-15,Elisha,Hatch,doretta097@hotmail.com
5XLETNZT3MQQX8LV,1985-06-17,Melania,Bishop,verdell-mortensen00@nh.com
H5IG0KB1U34QA91F,2016-12-31,Wilton,Strother,hellen012@gmail.com
GM8XVP8CJGDXSGVT,2014-01-26,Fred,Hinds,nia.groff@forget.com
DSCTR3A016K6VMRP,1976-05-16,Josiah,Schiller,simonne-britt0301@spirits.com
U40KQ6INOOX7H1AP,1975-10-02,Geraldine,Wu,dominique00@yahoo.com
4YNP6DP97B0CU38K,1994-04-15,Kandra,Champagne-Ebert,landon90288@blood.com
RK89PD6SRDJVBR33,2003-08-01,Deloise,Honeycutt,tish-tate@pools.com
RQYIFM9SRL9ZY7AV,2011-01-22,Sharonda,Brady,lee_hartwell@war.com
R8ZPMCGJIR494F3A,1973-02-04,Milan,Hatley,karly.wilhelm@copyright.com
3OV3IECOFS9GVYEZ,1979-02-13,Tiffaney,Saldana,ji_cousins2@yahoo.com
JP3PIYGQESVZ5MP3,1994-08-20,Lillie,Holland,angelina-cohn28@yahoo.com
1KV6HX79O6DBH3QX,2021-11-11,Michelina,Dempsey,ramonita96834@gmail.com
T2RRY5R9U8THVC3Q,1978-05-01,Nelida,Sasser,aleenturk@yahoo.com
MO63QAB25Q22Q21H,1992-11-01,Noma,Caskey,lawanda4@hotmail.com
LQKVA7LOF5A8IE7S,2018-09-04,Darren,Sams,mitzi.douglas9251@gmail.com
3SGUUFGSL4A7B9X0,1989-05-15,Jennine,Allman,karleen49@isaac.vi
NFF7QR7XBGHPAIQ5,2021-06-17,Keva,Kiefer,odelia-gannon@hotmail.com
MPRRMMIM4RBDSQ1I,2012-09-04,Merri,Boatwright,julionugent@mount.com
CZ7F53G8R15GO0Q3,1995-10-21,Reed,Isaac,coy-wellman2030@yahoo.com
QQ4I8SUTHMLIR1XI,2011-07-26,Eladia,Pardo,gabriel-reichert@yahoo.com
FGFKJMOLZCJ22TXX,2021-03-25,Tomi,Treat,hung_rosario26@hotmail.com
3VDQJO2MGQTLEF6A,2003-04-08,Odilia,Jude,sandra-van11@yahoo.com
61XG1O6SQK3U7M3S,1971-02-18,Bernie,Duke,donovansandoval01192@huge.biz.pl
GS4JRQDR76B6Q7RT,1986-08-19,Ima,Beckham,bo_cowart1635@currencies.com
YOXZ6SIMISJYNYTM,1983-11-13,Cyrus,Edwards,delta.horn01@hotmail.com
6UEBGYBGJXSQBKAY,1988-11-09,Efren,Lightfoot,dani86@gmail.com
PG0JLLN998SXE72K,2004-03-07,Magdalena,Mcafee,clementekennedy11@yahoo.com
H2YLXNF5QZNOCDVB,1984-09-30,Latashia,Garner,timikakaufman7538@gmail.com
Z3SO0PZQ2LAP1GBP,1972-10-28,Gabrielle,Salmon,loida01@gmail.com
E8IGTR39KPNNS4MJ,2012-07-31,Emmanuel,Hooker,ronni_jacobsen1@hotmail.com
XDQNUSO52QHZP3NR,2014-07-08,Linwood,Rodriquez,maranda_pearce@gmail.com
PX51EMHLHV0H0HE4,2012-03-24,Chasity,Moon,tawanda094@requested.com
6KELQ30EQ6F6QMXH,1975-09-28,Theola,Robles,alexaguillen4970@transcript.com
N4ICDFQQ3VLUMA9I,2009-08-21,Helen,Olive,karla9@gmail.com
98FUGTS7GJDBC8QU,2013-11-16,Bobbye,Maurer-Linton,trudi.dehart@million.com
XLSDTDCX31HA128Q,1985-04-20,Errol,Chappell,byron-baker35@fluid.com
NAJBY26Z6DE1LQ72,2024-08-24,Joanie,Clegg,iliana203@gmail.com
ZQ7O0329O4BQHZZZ,1973-03-15,Tanika,Fields,shirly-valle@hotmail.com
KYF8ZOFLEUU5GJA9,1998-08-29,Lucille,Fabian,branda2@hotmail.com
GZ7869PJ24Z73ZL7,1995-07-30,Eddy,Chitwood,chingwillingham@gmail.com
PCB7VM76UAS8Y86X,1977-01-31,Laverne,Riley,tiffaney-gage@hotmail.com
M4T8E1HPK7XU4V6X,1983-04-17,Donette,Weiner-Mcclary,angella_hopkins5065@enormous.costume.museum
PCKIOZU0J5RMHB5R,1982-04-05,Caroyln,Cockrell,nitameeks@gmail.com
I6U70EN3IUZJ1M70,2003-03-04,Cami,Duval,crystle_davenport@drawn.com
0Q85PHRDIS7X851V,2015-07-20,Cheryle,Bass,aida8376@during.com
OOH8FPMPET8B6N9P,2006-07-05,Gertie,Pinkston,leta.bliss@officer.com
N5K9HQRCHE4AGJC7,2009-05-12,Catheryn,Headley,rochelle_kozlowski503@livestock.дети
FDT2QK06L2AJ6A2C,1984-04-20,Clelia,Espinal,lajuana342@applicant.com
OQZ790YMQ6Y0764P,1988-03-08,Iliana,Frick,savannaruth@wild.com
99CQF6PDLQC269QR,2005-05-26,Bennett,Cardoza,brady31087@gmail.com
SBB1KMAZ2XOIOT3K,1988-07-02,Klara,Gilbertson,lanidelarosa96@yahoo.com
QBQEEH6OYFLUFFPI,1980-10-06,Tora,Rivers-Goldman,ami.bullard53864@william.com
ZH1QQCL94KQ11QSJ,1980-07-03,Clifford,Crittenden,jacalynconnor726@traditional.com
QBD3R1DX4KBJJJ5A,2017-08-25,Yu,Burk,teodoroperreault@yahoo.com
DD1TCA5IL2VJSF2P,1982-07-05,Deana,Battle,valeri-cate36@ve.avoues.fr
MFQBICBT84838MZK,1980-06-19,Analisa,Layman,brigid7991@hotmail.com
UGTABGFPNZQUF3G6,1984-11-08,Ada,Vanmeter,laurine90484@yahoo.com
HIQQP8Q3HJOO3Q11,1977-03-09,Nydia,Alfonso,rema-rangel@yahoo.com
4I5HBJL4Y9L0T1BK,1988-11-26,Rosalee,Rust,trena.heffner@gmail.com
QVY9CLIPO2CHP9KX,1980-02-26,Kenyatta,Snider,shona.pettigrew9020@yahoo.com
M8S99ZYJG0TGPLCM,2017-09-07,Brooke,Deleon,maureenstevenson338@famous.higashiizumo.shimane.jp
YBHRAK2ODJ6DSJFL,1986-11-28,Tomi,Petrie,yevette-bourne-vogt6689@gmail.com
FVERZIJVCTXN4KC9,1998-05-06,Delmy,Monroe,stacymendenhall0@gmail.com
P6N3ET0FGKQM9E9Y,2018-12-01,Domitila,Bruno,michelina8@sprint.com
JOH3C5EYCXKXCQQT,2024-09-12,Magdalena,Mcreynolds,josefinagresham@gmail.com
HRDPDZKOHO88ZP2Q,2025-05-19,Loris,Durant,francie-jordon1@gmail.com
T2KN8UYKT2XXV53R,1991-06-24,Hye,Stein,herman-marlowe@hotmail.com
TSIEEXIDPQRXCI4F,1970-02-16,Merilyn,Han,gregg.true-hooks234@yahoo.com
JTX5I8QPFMQC0YE2,2007-01-07,Cherelle,Denny,kera10122@gmail.com
JZO2MRKJP8OUDKN1,2016-08-10,Chan,Sharkey,jeredowling@yahoo.com
09EP3IBRNU0SDCTH,2017-06-15,Boyd,Lindsay,daltonarmenta17@transport.com
UCN5I84VO4E674QQ,1970-08-24,Diamond,Ives,vanesa82@yahoo.com
29COXQUE6OLPOJIA,1996-01-16,Andy,Spurlock,arianna8504@idaho.com
CIKUQLKDQOTJVNFD,2012-09-08,Dorris,Chamberlain,cris_holiday@yahoo.com
2IFZ6VZMZRK5Q2MG,1982-03-23,Ursula,Colbert,heriberto.hooper1721@yahoo.com
A7ZQL5MQQ7QA0LGI,1982-08-05,Khadijah,Wilkerson,berenice50056@hotmail.com
0S6KBTUP9G28AA39,2005-09-29,Ute,Seiler,jenine.pemberton836@yahoo.com
LYZM5JQ1CVNYLPO6,2010-03-01,Beaulah,Vergara,violeta.tatum@gmail.com
OAO911UJZXE1EE36,1975-08-30,Carman,Perrin,koreynaylor@gmail.com
B9J9C1HIJAE2PMRG,1975-02-06,Kathryn,Lamar,malikbranch@mario.marnardal.no
SAD23D8ZGXJ6N0LY,1989-04-19,Phuong,Williford,jorge57@marilyn.com
GO0H0666TXGOF43L,1975-10-25,Alicia,Loftin,codidillard@biz.com
AAI95M6UH84PBIPM,2021-02-25,Kathlene,Eaton,geraldo_mcdonald36@fastest.com
2UKTQ669C0GAECG3,1994-08-06,Delena,Bounds,louetta.otoole@hotmail.com
4AESB6UHFG97I7QT,1997-10-05,Meaghan,Hutchinson,hermina469@netherlands.com
7JKAERB687ONDNLF,2008-10-14,Jody,Phipps,grace-briscoe@gmail.com
7IUPKAMVINQILM04,1976-03-12,Audrie,Manson,lucrecia9247@gmail.com
E0TH9H75L34Z87SK,2010-07-12,Sandy,Marler,bret-rosser@hotmail.com
2DVFQLBYX9SM7QMU,2020-11-04,Jonah,Tanner,glynis-prado58939@hotmail.com
NUZUQE8HZ5C617UQ,2020-04-13,Viviana,Wilhelm,devin_roller@immediate.pioneer
407X7QPDH8VJNY7A,1978-01-03,Teena,Byers,shayorosco5686@yahoo.com
TRMS2QRTNNYRSM1R,2009-10-07,Brenda,Metz,mike.outlaw@yahoo.com
PNKX3UQNZ2TUR2C8,2002-06-13,Elizabet,Pool,herthakay@gmail.com
5J9AS24K9D9D333U,1988-08-23,Athena,Mcintyre,francisca6578@gmail.com
APL9JHHZVJP6TNT2,2024-04-08,Marie,Francois,rashad-hollis@mostly.com
YBKLS2Z7ZMNPTODD,1979-02-18,Lyndsay,Wallis,rufus.jefferies@yahoo.com
VEUMX3JV6TCYR29E,1978-08-08,Kia,Ramirez,reda-rooney@gmail.com
3IKRYLH73N6Y0V6T,1995-06-27,Nana,Mcdaniels,carline95466@yahoo.com
EXF6YJELMS48XNLB,1987-11-25,Allegra,Limon,mosesswanson02@gmail.com
TZJ5RSI2QQFGVJUU,1988-12-16,Renea,Vaughn,samiramallard@hotmail.com
YJL9OQKMVYXLDSLS,1987-07-03,Vanessa,Witt,dimple25@circular.yamagata.jp
6L6N24II021248OE,1991-12-08,Rex,Sessions,laquanda1@cabinet.com
Q64T9O7737PMM7MI,1987-09-18,Henriette,Stoll,vernetta_altman483@gmail.com
OFDTBDRUESZ4QJKF,2024-02-09,Neta,Reese,britteny_donahue46387@arizona.com
RFFO6H8D34IIU8GZ,2008-01-22,Louie,Busch,jazmine-kolb92@representatives.com
LQ0RPMPG2MI083C4,1975-02-27,Jami,Rhoades,hungwoodruff63@yahoo.com
1465XZAPYUUG7KEJ,2019-06-21,Robbin,Lock,ingemccracken15@everyday.com
064SRHIO71FQZ4RB,2008-02-18,Reynalda,Jimenez,patrice31@hotmail.com
OHF1947NTQ2NK6NY,1990-05-27,Karlene,Brookshire,leanne-kincaid90515@hotmail.com
AJI581UQ4Y13IJOK,2003-12-08,Sol,Aviles-Donley,rochell.lashley676@surveillance.com
UDDST349IC2E6PTY,2008-10-26,Teddy,Gary,cyrus-yee@yahoo.com
NPM774FXEEU80U9U,1990-04-28,Sandi,Pichardo,nicholas.marra1@gmail.com
Q4UHHL6DTQI5NXFR,2025-08-26,Lakeisha,Kohn,lula4@yahoo.com
4RN2HXDS6OQUEKVL,1999-10-28,Bernetta,Matheson,lakeshia4573@von.com
8FRJ8UQP6L37ZCIG,2009-12-01,Georgianna,Roman,nickolascohn@client.vi
LDBDES8VBN3ASSRD,2020-01-02,Nicolle,Caruso-Reyna,daysi-horsley@gmail.com
ZOKZHJKLTGQPFDEM,2006-06-23,Desirae,Worley,antwan.wyatt-levy8@advertisement.reggiocalabria.it
C7CSFUMIKA1EL4NI,1973-10-06,Nita,Trammell,ruth-steel07@announces.com
AIOLJ9ZOVOV8QK81,1978-01-10,Colin,Whitaker,virgil56273@atmospheric.com
36G4LE6GAOQ6SR4K,1985-09-26,Shaina,Hylton,vickey3@gmail.com
BN4LN5H1C93DREUE,2000-12-08,Silvia,Kramer,delpha_mcmillan529@yahoo.com
RGUQ4XYUXL2A9C1S,1984-06-03,Marcie,Hankins,karinaboyle20@yeah.com
RVGJC96LEQS4IARL,1985-10-30,Octavia,Hargrave,eleanora.loveless224@gmail.com
6VDUR7G0MVGCCZI6,2021-04-22,Harlan,Shanahan,tamera_shaw@offset.com
HQLNMFD9JIYMBF43,2004-06-24,Tonisha,Chance,bonita370@republic.com
QAYM7J3XPJIQLLTI,1978-10-06,Parker,Seiler,marcel-bruce@hotmail.com
ZP7LIGS21HLRUG4Q,1981-09-14,Gerard,Sullivan,hermila.beaver92@yahoo.com
UP13QAOKM9RT4IYS,2013-03-03,Violette,Word,tessie_vasquez0@hotmail.com
YPQM1EP68QFBQBD0,1977-09-10,Philip,Maxfield,leora-lunsford3523@soa.com
GQ1JR4UHMKXPQB3K,2023-08-15,Kelly,Beaudry,penni.ransom@wanting.com
E4QL760INYKKRSAO,2002-04-17,Mathilda,Gilmer,roslynhastings43662@ve.com
23I3QCDRJKQNCJA2,1985-10-07,Mason,Burnside,agnus191@strongly.com
J52QK70ILGIU952U,1997-04-14,Kanisha,Phillips,cassieredmond@hotmail.com
XRLFGK2GETQEMIGD,2006-07-30,Isela,Boudreau,mailesummerlin@hughes.com
QPEQMPZDBU4G2OKS,1984-02-09,Karon,Cornwell,tamelacazares1871@gmail.com
C8DP6LNBETM3TE09,2009-02-25,Shara,Harp,oliver7071@gmail.com
PQHPVT3OJUPIJLKK,1984-09-15,Willa,Falcon,providencia-monk19@labour.com
FJ2G088NMVD78ZK2,1975-07-14,Frederic,Finch,kathleen-woodall@ec.tuva.su
MMPCOBVLQL2SONCZ,1976-04-05,Margret,Lafleur,ginny5323@hotmail.com
J1LUG55ZKIM56AQQ,1980-02-21,Ileen,Meacham,franklin9@gmail.com
30EMMCC3CGSYOMJ6,2014-08-31,Brynn,Back,dulcie_balderas@yahoo.com
A46I72VLFO4Z1N8F,1988-09-02,Mamie,Montalvo,kurtis-donahue@hotmail.com
DBL0F58K1J4ZJQ4P,1993-11-25,Blossom,Woodall-Southern,annika-brownell563@edwards.com
X3DNS66DLHQDFDHT,2013-10-30,Lilli,Guido,cara.homan688@observer.com
QYCG3H7MXAS2UQVF,2015-12-02,Necole,Broadway,ines4853@rates.com
1NQUPQ3MJVJUEQPC,1972-01-19,Xenia,Toro,margarito_neville@gay.com
FN1DZFUS7J6RD0MB,1972-12-22,Mertie,Hargett,cordie4@hotmail.com
LFI2J6LB7JXMPTCZ,1986-09-28,Zack,Wyatt,blanch0@gmail.com
RJ8Y4BHCCQ672YH5,2007-03-25,Robby,Camacho,sybil-marroquin@gmail.com
ZU7UAAI2FEZV3T6Q,2025-06-16,Maureen,Harry,davida_soares1234@animation.com
3Y6OQKZ4UCUBCGO4,1980-05-25,Tyler,Sousa,bernadine3092@gmail.com
6TQFGS9BYSXVYLHM,1977-09-24,Forest,Sampson,genesis98@hotmail.com
M6XRQOZDFQCJOYUP,2012-04-06,Kenia,Brookshire,elizabethpritchett9962@jamie.co.tt
9OOGCPAGDHAGE7YF,1983-06-15,Ruthie,Cowan,mitchalford@hotmail.com
2G1HJURI96C7C7UN,1981-11-01,Beatrice,Knutson,nohemi_manzo@hotmail.com
1TYDK3Y8UHJZL6PC,2005-03-01,Wes,Hawks,marcelino-ivory@hotmail.com
ZQ46YLRB6QIO4I4J,2016-06-17,Chastity,Culp,alyson.bowser@hughes.com
ZRYBGQJQDTRO718H,1979-06-22,Kacey,Malloy,laticia45@yahoo.com
C12MQYJJ8136331B,1983-01-04,Zack,Friend-Mayers,cathleen68520@gmail.com
0559RS8F4I4UPSZ0,1971-06-20,Kristofer,Bedford,signe-schultz@tonight.com
7DVP7YSDG06V9JQ7,2024-06-16,Joyce,Fincher,florentino3811@gmail.com
ZJS6TMUMNFQ7OAAA,2024-06-22,Alicia,Pitt,modesto734@yahoo.com
5APRNKF2MXXY8I7I,2004-10-13,Elizabet,Cranford,lon59@bear.com
CSB9PO6ZOMT59R3P,1985-11-05,Takako,Doty-Winter,leena.copeland7@hotmail.com
AO3MQTJQTDU36NT6,2000-11-28,Ashanti,Cartwright,chante-blackburn150@notify.com
K0XOUK59H3L7TK2R,1973-02-22,Denise,Keith,latia_victor@gmail.com
GHPF6VBU5X3Q9BXC,1970-11-10,Aleen,Hofmann,glen_mcmichael47372@trees.com
644EBGFK34OQZGX6,1985-06-17,Ellsworth,Talbert,stanford.ginn@giants.oe.yamagata.jp
LZ3DUFJSQQRILE6R,1974-06-09,Alvina,Quinn,philip-garner@gmail.com
EHVAIPUQUO2O7YAS,1972-05-01,Felton,Hamblin,jordon-pulley@gmail.com
TMMAZ1XDQYTMVCQ3,2022-07-11,Shemeka,Deane,nada0705@independence.equipment.aero
DLKL0BB8ISKGQGK4,2014-02-04,Karla,Rayford,eloise4282@extending.com
8MR3D26MG3NJALV8,1995-04-08,Beverley,Goldsmith,neta-cintron21346@noted.com
EPTNBKEK2MMR6EHZ,1983-12-08,Danette,Wynne,katelin.pinson@huntington.com
XU4ZNXX3Q4AM5VPU,1981-02-01,Marcella,Velazquez,walterkeyes3417@hotmail.com
XXUCCMPSB8ZPM18V,2005-09-13,Doria,Barrera,cary4000@edit.com
2XCASAESKMKYAMVQ,1978-07-05,Florida,Gilliam,elma51944@hotmail.com
BY7JJDTRSZ5CE0FE,1983-08-16,Lesli,Hobson,narcisa.conners@yahoo.com
PH9URPSKNRYF19EB,2007-12-27,Lucy,Dennison,alica_mayberry@fg.com
IP6CI10GVZ040YYM,1997-10-23,Carter,Forbes,faviolaaragon0111@thee.com
E2U80X2CV5LZC3DL,2014-03-05,Fernando,Elliot-Vanburen,mee56282@yahoo.com
MQJN8HOUGAGS54CN,1985-02-21,Olympia,Ocampo,marlene.tenney@gmail.com
SZB9BQKMXF965T21,1983-05-01,Earleen,Bearden,goldiedias@hotmail.com
1RR3E0NDR5VAPUKX,2005-01-18,Oscar,Robbins,susie-rodriquez@hotmail.com
FI71E5LDKN9GCQJM,1998-08-07,Beau,Lombardi,vella0538@mating.com
FYX9YA7SZJR2G4ZK,2005-05-29,Margareta,Starkey,brenda-irvin79@barry.com
EBM02Q7Z2S96XP38,1976-12-23,Kary,Roman,sandi318@vhs.com
2ZL7BGE3562Z1ZXE,1994-08-12,Marketta,Thiel,conrad47@gmail.com
UVB6QL82K3FGMJF0,1998-08-26,Jene,Rigsby,kanisha46705@gmail.com
MZ7QFPE5QQHVQHVJ,1980-06-15,Emilee,Meacham,ronnie_hood488@yahoo.com
2LCSZY24E57AB41J,2009-10-05,Lolita,Oh,mittiedenning16432@pace.com
BT4ERDVOQR1J1ARO,1991-04-24,Malissa,Orton,isidro464@gmail.com
SZAFIP6X06UMTTLZ,1976-08-09,Rochelle,Macklin,fletcher.page8278@year.natural.bo
G05QTYKXU10BLCV0,2018-05-05,Santiago,Todd,elinor_sikes34@infringement.همراه
PNL9GP8LKYUEQAEY,2004-03-27,Gudrun,Culp,camilla_soliz@gmail.com
8BXO1HQDJS8QQGMF,1998-01-17,Cecile,Noriega,mariko-guinn@yahoo.com
NTCSA541ZSELBU7Q,2016-04-30,Leatha,Foley,lissa79@phrases.from-mi.com
MIQ4HTEK3OI8QX0I,1999-07-05,Halina,Schubert,hedy.baum31515@took.com
FQ77VCUFPTE3K8M3,2020-08-02,Lane,Hilton,angela5828@entries.skydiving.aero
TP3ORBMVESU8ZV5T,2021-04-22,Teresa,Barber,evan.neville-prescott@mario.com
97FHAR8XPINTTNVH,1979-09-14,Mickie,Beaty,omar.armstrong98429@gmail.com
XC2R0XUJYQ3ST8IJ,1980-08-31,Jenice,Harry,thalia109@gmail.com
66OLYQU7I9IV9UGB,1994-12-27,Halina,Morgan,allena5@handy.com
3QO0GH2XUVITBBF9,2000-07-13,Irena,Austin,chauncey.zuniga6@gmail.com
RRU4TAUR5SK3UU7S,1992-06-20,Chuck,Davison,fae_boatman3@fail.or.ug
J2INIQ7C771QN0NV,2023-12-04,Marcelo,Mcqueen,zula.hanes5@flight.com
A9HRBZYIREKYMDQR,2005-02-06,Emely,Monroe,clarine_albright5@found.association.museum
BDYGF6CU0XRNJE8O,1991-09-04,Reed,Patrick,diedre.bryan@spain.com
2QFCH437VLL5UZ7Y,2021-03-08,Yu,Peck,myrtie_leatherman9@excel.com
K0OC0VCPXE7QRVDV,1978-09-12,Sandie,Griggs,clintongilmer23@hotmail.com
31H15NNPEKA01TQ2,1973-06-23,Kristine,Thibodeaux,elnorahaag@apr.com
Y338D6O9BDKKLQ86,1994-02-28,Cecila,Danner,justine_prichard6988@dollars.com
FAACMD3JFJH2AEFS,1982-05-06,Tamiko,Gillum,jamabrinkman269@yahoo.com
BZ6L4GBTPI9LR406,2021-08-22,Kristi,Vazquez,sherley67251@feeds.com
VNR8NZHDT1QAQ804,1983-05-13,Patsy,Patton,emilsisco@funk.com
F7O0SOJLGNTEB35K,2014-03-23,Billye,Will,ellyn.guyton4@employ.com
O7SU6L8QHFX9JGMB,2019-12-05,Macie,Fortier,gertrud.desjardins4@harbor.vi
JGD1VAUI9V35Y1RY,2022-08-22,Lakita,Solano,lia69@yahoo.com
LXFMF5USKFUQ9QAQ,1986-03-25,Maxine,Negrete,temika9@christianity.com
UZEY4PQR2KJVGKK7,2021-02-24,Merrilee,Carbajal,tamesha043@fault.com
O37LAQ553KH1FXQ6,2002-03-06,Margarita,Dominguez,eloy-womack@trace.com
DEYMQ8JUXAQFHZ6Y,1982-07-22,Blanca,Whaley,darby.devore7964@discounts.com
F6O86IKQEINER9TE,2012-05-27,Andre,Noyes,valarie3369@hotmail.com
236F3QIFPPMQBC3M,2010-05-07,Mignon,Cramer,yolando9@functions.com
5026VV89X18K81KS,1983-08-21,Nyla,Harness,minta_keeney72@cgi.com
8ALXTERYQFFKXYEK,2023-09-28,Sara,Boudreau,sallie.eagle50@gmail.com
N0I6Y12GDXN6U7IG,1984-03-17,Luther,Gagnon,christenahubbard57@p.onga.fukuoka.jp
AC9RVKQGM3BCJLZZ,1984-01-05,Sal,Fields,albertha-higgins59@hotmail.com
GDRY7T9EZRCY51QP,2016-09-06,Portia,Fort,sadie.aragon09934@gmail.com
UQVTG4ROA80S21J0,1990-09-28,Wan,Oliver,romelia-royal@relax.com
2U9OJQT7UHQ17V7L,2019-05-23,Ammie,Omalley,emmett7@hotmail.com
NY202IP73E9GVF67,1979-02-23,Essie,Loyd,alexander.alston@baker.com
YESOQIQ13YO8Y8JQ,2002-08-11,Retha,Trotter,georgia6@gmail.com
0RZESSAK5U9ZIA5O,1991-07-30,Noel,Holmes,greta40@brazil.com
RVP91T5VDN8VRIN1,2011-10-14,Hilario,Lucas,adalberto.perron-whitman@hotmail.com
Q4H30KJQNXGSD6AT,2023-09-10,Tamar,Loper,earlene.buckley34@yahoo.com
1JT59JDAYO9D5BKQ,1991-11-18,Verlie,Betz,mikacapps1@medicines.tiaa
VTDR8OZ51X8IE494,1971-11-12,Quentin,Hales,shanichacon@yahoo.com
YR2JI43AHUMU6ER4,2008-12-18,Caleb,Fallon,dwana28087@gmail.com
FAPKYXP303CQBQPH,1970-11-11,Fonda,Sayers,shasta_barrows58096@hotmail.com
59EX105XSZH0NX2X,2017-09-02,Chun,Cupp,winona-zambrano@fishing.com
5BOQGNJ2KIS3N080,2017-03-15,Teodoro,Dancy,raye-canfield97@recipe.com
L8TQ2QL31NAXCQSO,1994-07-30,Rebbecca,Bartley,tomekagerber@gmail.com
ZH2GS5SONUNEFBRL,1973-04-14,Rueben,Hendricks,marva898@hotmail.com
TS756BGLF454KDO1,1995-12-28,Errol,Bevins,reachance97@fruits.com
FJSNTYJAV9T8OI3D,1995-03-02,Irwin,Tapia,zula-taber@constitutional.com
IGCFOL1U5SGCB93V,2008-04-17,Soledad,Bolling,waneta_vanhoose@gmail.com
4O67OAMORUSE0DZH,1972-09-13,Lanelle,Beltran,chadwick_cyr01215@soft.com
472YPOQZGEZAY9VC,1997-12-18,Terese,Zepeda,georganntomlinson3361@yahoo.com
BCV9CEGZDN8GRDNP,1970-06-05,Karie,Lashley,mira_lawhorn21175@groundwater.com
XUFXGTK07Q5OIZBG,2006-03-10,Rolande,Goulet,lynn.sipes1678@band.com
PAYLB7S6NPMDICVZ,1974-10-25,Jonathan,Marlowe-Shivers,darrin_hennessey504@surely.com
45FUESPG1ZVDJJY6,2009-11-02,Hoa,Durham,zinabroadway799@targeted.com
UCQLFE6CS2I6JRU2,2005-03-24,Imelda,Wylie-Flowers,zeniafournier0963@yahoo.com
5ZCJKSAQH9CJ8FHV,2024-05-05,Shizuko,Kang,sammy.nettles0@fraction.com
8N05S2VM84I106HH,2006-02-01,Kerry,Chester,joelle7292@row.shimabara.nagasaki.jp
J2M29KCEE8TD2JNK,1993-08-26,Lorina,Summerlin,shila-lavigne5@gmail.com
JYYYT86QXH6YQR4Q,2005-04-04,Rosie,Gulley-Langlois,danyelcasper4@hotmail.com
QYTTBIAXXZGSE4KH,1994-02-22,Vita,Chaney,lilibroughton4824@compute.com
60KUMJUJK007MDDB,1973-11-16,Shantelle,Labelle,lang92622@gmail.com
0E9GUQO1HEJMYE64,1995-12-13,Marguerite,Buffington,billyemcmaster09@digital.durham.museum
TOIV5D2S1K3OXN2U,2013-10-04,Shanti,Irish,ronni.greiner-keith@hotmail.com
8KMA4K04SZ8XFVVF,1970-03-18,Cher,Mcdermott,francis_matthews1@suffered.com
4KLN47EDYBORZVZK,1980-11-17,Kendrick,Ferguson,tamika7@jack.com
XB3L9TXMPRB6TLOQ,1995-03-19,Gaynelle,Wilt,maryln-ivory76@hotmail.com
XCQ151HZUPD3FLBZ,2015-09-10,Era,Oconnell,beatrice18646@hotmail.com
GHEQI795I3VB6F5P,1983-12-13,Alyce,Rodriquez,romapack9@renew.com
VY6MU2LQ8S2G7CGD,2023-08-26,Barry,Chism,janinebender202@lover.imamat
AZKBQNULS05ND652,2006-12-12,Marcelo,Treadwell,priscila5151@wallpaper.gov.ms
V9RMQA9936ARSHE6,2009-09-10,Cornell,Triplett,loraine0@gmail.com
RXECLBNH2R60RBK3,2023-08-09,Augustine,Brower,whitley_henke27917@gmail.com
9KRBMP390BUEYAI6,1997-06-26,Barb,Shields,lovetta7623@gmail.com
63KLHSBUOILC7F7F,2008-06-25,Refugio,Yount,porsha607@civilization.com
N6GJHRYGDO4VTBQU,2017-12-05,Fiona,Fellows-Pomeroy,cornell899@hotmail.com
P5VMIE5SRURMQUYX,2017-05-29,Devin,Durden,margeryhuntley@possession.com
T7EGFYDGPL5067N3,1991-03-21,Elena,Nagle,dimple_lyman@adipex.com
3VTC9SIC99HCAPOI,2011-11-08,Miss,Lacey,brigitte-covington@loss.com
HKCVN7VBZGTLEUNQ,1984-10-11,Beth,Andrews,antonydelvalle738@yahoo.com
TRR3CB20X2F0G82X,1995-02-25,Karina,Lemons,keli7681@yahoo.com
S3QFB2S303A255M1,1994-11-03,Kim,Perry,genevieve_cornwell9538@minor.com
KOCUQJAULJ9J8CH8,1988-03-17,Gordon,Blankenship,suzi_rinehart943@hotmail.com
1PE7TQLYQXP251QC,2008-05-01,Carina,Rupp,anika.westmoreland@added.com
6E4R9R6YO4QS4Y3E,2010-09-05,Patrick,Cintron,arvillacoffman4@mounted.com
CSL53EETQEYR5D11,2018-08-03,Joslyn,Ruff,quintinparrott959@gmail.com
8SMSO1VUTNBSIAIQ,1981-10-24,Micaela,Perreault-Amato,barton_loy23223@sending.com
781XB6FKNTGGN5BP,2013-07-06,Tosha,Smith,junie.england87@number.is-into-cartoons.com
YZ3EEDBN6PEKJBA0,2007-05-25,Silvana,Beam,xochitl0163@hotmail.com
8S52S0R9QTKE39LB,1978-07-11,Silva,Matheson,teisha15288@yahoo.com
KBAAG6PBMB7LC0UL,2014-09-13,Augusta,Pitcher,charisse8@businesses.com
Y6YQ7QL4TQGZZ7T9,1994-05-17,Vertie,Varela,lonnalocklear518@ste.com
7ZMM0BIH6V6YB1KQ,2004-02-21,Florentino,Serna,bernardgoble-mccleary42715@devices.com
QX2TM2QG9TENVD45,2013-06-11,Berta,Carney,farrah_villarreal005@hotmail.com
X5XQ4SE6FB70YS78,1998-08-01,Sarai,Spear,woodrowfaulkner@yahoo.com
GC1TMMQLQQ19C91V,1974-12-21,Diana,Stern,diedra1@aspects.com
FUM6OVO70N4NZ4GJ,1978-08-28,Felicia,Healy,anastacia_clifford@fetish.com
M7JMLTEJZ3Y7C8SB,1974-12-31,Hiroko,Silvia,aron_michaels@asset.com
SOZZ3ZLKNFG5EAQQ,2021-02-12,Leann,Gilliland,kayekidwell@starts.com
LGENFB663PN5HXA7,1980-10-17,Mirian,Carter-Peters,ria_starks@films.com
Y9XJ50BC12JLH8C1,2009-08-02,Tom,Mcqueen,laurette.mcgregor91@hotmail.com
DU083M5YK6VAA1SN,2003-01-16,Jacquelyn,Black,joette_parham99571@yahoo.com
PG4GHO35HOM6CRVK,2018-01-22,Carmon,Sumner,malka.milligan1@gmail.com
S1G5HBDEIQNNCVQB,2015-02-06,Eveline,Lockett,felecia439@rick.now-dns.net
EERMFXAFQ3YIMM1V,2009-09-04,Vida,Pounds,dorethea.childs89@increasing.com
ZHIAXODO88HZSX2U,1980-05-24,Dylan,Chester,roxana89812@hotmail.com
E32PI7S4SQ69MZ27,1998-01-08,Jeri,Boggs,alice58662@holder.com
QBAQTCZFG8E71JQG,1971-08-05,Dia,Archer,mauricio-sepulveda7@gmail.com
DGJCXGSK47KMUD7D,2005-04-21,Ahmed,Caron,elenora727@leu.com
JP3XET9PQS4MA4Q9,1971-05-06,Mayola,Billiot,andy_watters@gmail.com
EFXNXC1HYJCPB43H,2004-05-08,Jeanmarie,Worden,julee.ash44@gmail.com
6QNUC8A9U0SKIZDQ,1988-01-27,Lilliam,Keister,tamar.mccabe@dying.com
YQEBGESQ2ZZNTUZ1,1999-04-15,Kari,Straub,kira.abell@forwarding.com
TD4AP6BP1QYY5LF5,2015-05-07,Iris,Bello,trudi74721@gmail.com
LORXGG5HT0T98CTU,2007-02-27,Rufus,Mccurdy,adolfo0110@gmail.com
OUJVU4UQKCZ040UE,2014-12-31,Agueda,Irby-Huntley,minerva-cornett@rings.com
6CN6Q35ZKL0UH1YO,1986-09-21,Danielle,Word,pedrosnider5@dial.com
PD5XT414FRB6SLRD,2004-08-02,Rosie,Sylvester,odell58@yahoo.com
5CRGZE99ZJNYNH7D,1977-02-01,Ronald,Nason-Jobe,carter-messer5100@yahoo.com
QI0V10EI5Z1376OB,1974-05-13,Alvin,Ripley,efrain6290@gmail.com
SGLKAJUH97A05SUQ,1994-06-06,Sage,Condon,orlandomcgehee@yahoo.com
6PF5ITJAIKHZ2NDG,1977-02-06,Priscila,Wells,dani.escobar5@compressed.com
OFNC4E7JQ4H4BRV9,1980-05-28,Erich,Dill,latoria9@gmail.com
82K3CUQNH7DHMQ7Y,1986-03-03,Shala,Bronson,elijah-bolin@walked.com
1SF0R5LYZX6JJ33X,2005-04-17,Meggan,Hudson,loan83@gmail.com
NUGG3NXB27CCL0PY,1985-07-17,Merilyn,Mcgovern,leandra79270@gmail.com
OD0GN6R1X6NKDNRJ,2000-11-30,Cristina,Pappas,willette49@hotmail.com
I6QUY2RKG1EGEJE9,2012-11-02,Janie,Heaton,genesisbeam143@hotmail.com
H9YC9H788GXCQN4Z,1974-10-01,Salina,Kelly,regine-cowart@yahoo.com
QRY3YAPQ7X52B1NB,1989-02-01,Graig,Benton,karren_hildreth-crain@provide.com
LHHQDEY60T4E04G9,1989-06-07,Allen,Keck,lynsey.lindstrom25080@crown.com
VM44VBFIQPP6L0BH,1981-12-20,Felicita,Drummond,lina889@hotmail.com
X2SUMIRHQXO9Q0PQ,2025-08-24,Beverley,Mays,millicentmichael1750@uncertainty.com
73OU2238ANYVQDBV,1990-03-13,Corina,Romo,valenciakeeton@dc.com
C0QSPUIQ2ZAA5NGY,2006-09-21,Treva,Thigpen,shara82@gmail.com
LB7FSUP7YZUO05H4,2004-02-14,Darlena,Clinton,dalene02@yahoo.com
SLOASXN6A8TQC2PL,1975-04-14,Cristobal,Corbin,merrilee-durbin206@gmail.com
RKFN50CH78MSA1Q6,1976-03-05,Dayle,Baxley-Draper,avril_blanchard1@las.msk.ru
YM1NA0C11Z19X9AU,2015-10-04,Hyon,Pointer,jeanie_irizarry0486@gmail.com
LEGMHQB8JISEYDM6,1994-02-02,Nilda,Purvis,arie97@tracked.com
LMG7VHMKCJ1CFKG7,1991-01-22,Sanjuanita,Seaman,sibyl_neal4632@yahoo.com
USSRPUCI36JVGZ7X,2019-05-27,Sybil,Elrod,lacidix5@massage.cy.eu.org
734PLFO69BXUGDRQ,1989-11-07,Keith,Ybarra,simonasawyer@locally.com
SYESS5QPZ0GZU1CT,2003-09-22,Kelley,Rife,jovan-jennings@yahoo.com
2BN7VXB0FJ34IS8M,2007-02-12,Candice,Adame,tennie.rushing782@hotmail.com
LTEDZL7V0HND9RT3,2020-11-11,Delicia,Broadnax,linette.gilchrist365@demanding.com
QNVOYI38PE2PO61D,2008-02-11,Alishia,Rowell,cira.lacy60397@march.com
F7VLINFU4TYO1QLR,2007-01-25,Evelyne,Belton,rosio_dang3@yahoo.com
U65D5LOFH63XMH9V,2011-07-30,Richie,Girard,laci6082@coverage.com
3YD2P7TU6EIAXBPD,2017-12-25,Caron,Musgrove,jacquelyn1291@medication.сайт
YDHU2M4BLI0T6QRL,2008-02-01,Christi,Draper,jaye.lytle@yahoo.com
L9DGVZT2BJ70JU4S,1986-03-09,Jovan,Vieira,janice37980@gmail.com
K1Y8KV8QZNP53QMM,1999-07-13,Rayna,Odonnell,elin.hudson0604@ownership.com
DH0FH45D02YXRJYG,2000-02-05,Dale,Regalado,leonarda63@tobacco.abo.pa
XDLHNJVM7R9VJFK4,1980-07-15,Dalila,Wells,chiengel@equilibrium.mx.na
QP0MXNFXTSZVR7ER,2016-06-13,Marvel,Comstock,gaygeer970@workplace.com
IPHQ2FZNU06FRQML,2005-01-08,Zandra,Graves,saran-creel@goto.com
JF2VD3MXTUXDSC9A,2003-01-24,Jocelyn,Kidwell,gene.estevez2@yen.com
R4VAUMNG5MIEDAG3,2014-07-13,Deonna,Billings,assunta-zuniga68@tournament.gsm.pl
XJZNTB1N5PSKEJYP,2025-05-23,Tempie,Scarbrough,vivien-goulet2481@hotmail.com
EUQ4KAVJVN5YAPA5,1996-09-22,Onie,Carbajal,raina8419@hotmail.com
3Y6BSERCJD0HEN76,1975-08-06,Waltraud,Eck,anissa_roberson34450@baghdad.mykolaiv.ua
2XZNB6SZT3Q4KD7H,2001-05-18,Emiko,Carr,stephine6@holes.com
764MFOHU05KQ8QVA,1997-12-14,Catrina,Dayton-Lindsay,charissa.schneider-currier22@mental.com
FGF0Z5ANJJOTVY31,2014-09-30,Lavette,Keeler,hayley_connelly@gmail.com
3SGGKRH1QV3AXIOQ,2006-05-01,Elaina,Whitehead,doreatha.mccallum351@yahoo.com
ZM6IGV8R8JD9OR6Q,1972-08-12,Noma,Maguire,deangelo3@crack.com
LPOG2EGOFKLVZ17Q,1983-09-03,Hugo,Medina-Moses,ray.rupert9709@yahoo.com
H36OM5EPLSJEDJE6,1980-10-23,Henry,Barth,myrtice.cardona506@airport.com
LKZ89FULFNAGBBE9,1991-12-12,Nguyet,Shannon,mika74@hotmail.com
DYCF2888Y4521X6Q,1980-06-07,Lila,Charlton,edith.ewing22618@bay.com
TQIVOI9EQ7UJYRLP,2015-07-27,Numbers,Littlefield,shaquita-garmon8089@should.com
97LAGU9AVHA73BQQ,2010-12-05,Donya,Blackwood,dominga_pitcher@chubby.com
OIN3APVIDN267SMC,1984-01-16,Lettie,Mcclellan,wallaceashworth@hotmail.com
IC25YNV4UHGJE6XO,1980-11-02,Thomas,Batten,phebe_gilliland05@hotmail.com
29EQK5PQUOQM9A40,2003-09-08,Elly,Woodard,mildred_colvin23@porsche.com
CVQYCU5XHCOH6KT9,1973-12-02,Phyllis,Wicker,nga-larson2@yahoo.com
Z44MS1XNDAZQFSUV,1971-03-06,Son,Wilks,laci_schrader684@american.gsm.pl
PCGJTNCKZ5FEX8H8,2010-03-18,Dia,Sims,in696@yahoo.com
JNS1ZY8PDQ6AVO2D,1986-07-12,Marilee,Esparza,lamar_horner4457@hotmail.com
O0R7FJO8IS1YPOTN,1984-03-02,Nicki,Gaston,buffydelacruz@yahoo.com
S2TRMFYBGQV9TTTB,2015-05-08,Jeri,Dinkins,tresa-mitchel@comfortable.toga.toyama.jp
ETY7TH4KOQDCKC8U,1979-12-22,Katie,Chang,alvin_jewett@discrete.pk
82Z1CVXZ7TN2Y4IZ,2017-12-12,Lorenza,Shirley,tracy3@yahoo.com
1G82QEZKQZ9AZCIH,1995-07-30,Chia,Ly,ollie_macdonald-dye@yahoo.com
E0QGCPLICKGMY6FK,2012-09-04,Cornelia,Stapleton,jonie-layne35246@limited.com
YXQHTQCQSI6V760S,2005-07-24,Natosha,Jefferies,katelin.madsen75@yahoo.com
X5GRQKPMREEZ5H3N,1993-10-25,Laronda,Slater-Fabian,nu.moye@hotmail.com
PAV5S0LNFNI4BMIF,1994-04-22,Nickolas,Crocker,angelic_caraway4552@helena.manchester.museum
6JZI5YNPYAZJQKS0,1980-08-31,Twila,Yost,sherie43@impact.com
8GG1VB62O2107MEG,1972-08-10,Kristyn,Snell,jannetmcdaniel990@yahoo.com
F1YD9Q73S3EY30T4,2011-04-23,Mercedes,Beals,kayleigh_richmond1@yahoo.com
Q5HT62MAJI1CD7ZQ,1990-09-19,Florencia,Pollock,marilou45727@hotmail.com
T6I3BI9LN1P1LHGL,2010-06-28,Carina,Numbers,desireeengle998@hotmail.com
88TFCHTQMN83A4LS,1987-10-17,Robbi,Angulo,ken-barth3857@shooting.com
GVA0SQOQQ1GA83LO,2023-12-19,Patsy,Schroeder,coleman.madison0549@attempting.com
CS4VT1X9FGMXMS3I,2001-12-30,Meagan,Spencer,lavondowell0278@yahoo.com
69M45PJKPAQ0J8GB,1983-01-16,Leonida,Amaya,lorene-menard@yahoo.com
BLUOKVZS1IA0S9Z3,2024-01-21,Jame,Stpierre,stephenie2@yahoo.com
0C0PXCKSMPNAGVJ5,2009-04-24,Charlsie,Horsley,deloris9747@ghana.com
H2HJHFTR8ELFPJ7K,2006-06-20,Madlyn,Woodworth,johnson8197@yahoo.com
JGQGO772XNSGL6IZ,2005-08-21,Marceline,Hooker,silvana_zimmer35@cb.com
LRFIVFD2CBI2FSZV,1986-01-18,Alphonse,Delossantos,giovanna.macmillan-hager@funky.com
6TCHALGF4UCA2MCR,2000-03-03,Vella,Ash,darleen.aponte@hotmail.com
B0RCVNIV95J04JV9,2020-01-06,Julietta,Gandy,ledaclough@gmail.com
7UMK24K9G8K8JZ0B,1978-02-26,Nenita,Ludwig,ezra_schilling@users.com
0SPN8OEYTPP5K024,2000-08-20,Bridgett,Bumgarner,randi71854@gmail.com
7NL1V6A3DJ0GU13U,1974-09-09,Lianne,Butterfield,ellan-quillen6@yahoo.com
A4LCDJQD2AMYOEQF,1992-03-05,Carletta,Childers,chas63653@yahoo.com
PJJJCQ6IPUQLGV24,1970-11-01,Lorine,Metz,clarita-hannah@fog.minamiise.mie.jp
8ARUX9PRAHA7QT8Q,1991-07-29,Yahaira,Furlong,jerri.lindley@gmail.com
X5TY7VPIVPEMSF67,1988-12-29,Levi,Crowley,illa-sales@hotmail.com
7Z4PO46KB7O72PDG,2024-12-24,Kaylee,Dewitt,ernesto.sterling@wayne.spy.museum
AV0JY70DN2XQH4CM,1991-06-02,Deirdre,Segal,maximo-saul@gmail.com
GDJ32Y0CRP1BQ0QF,1982-05-12,India,Bonds,dianacordero@distributions.com
FO9Q2QVMQ6UOTM53,1980-10-23,Cristine,Dumas,rolando_solomon04818@gmail.com
9GXJL9YH1NXE9E0T,2004-05-25,Darwin,Arroyo,racheal3@yahoo.com
R2O2J9G3JQZMDKO2,2008-04-22,Weldon,Singletary,lynwoodwinter@gmail.com
52O4909KDFNS2AHS,2006-08-10,Eleanore,Skelton,randee-dunne@gmail.com
4O5C4VKZMNQ8IQPG,1979-01-29,Maile,Betancourt,elfriede.fawcett@bio.com
KSERDCVQV70T20TN,1987-11-13,Lita,Carpenter,lyndsey-angel55461@yahoo.com
QZK5NLLS7MQYG8GJ,2008-02-26,Loriann,Solano,gilma.rudd8995@hotmail.com
CGS8MCSGQE460T0Z,2017-06-02,Angelica,Tamayo,philomena_batiste57@instant.com
APDIH8V7QZIL0I69,1993-04-19,Hubert,Oreilly,jaime88246@hotmail.com
NS849SFY9HA63NPJ,1990-03-17,Thad,Simmons,theola.trudeau490@hotmail.com
XDMVXJY22HFOEYGS,1982-05-07,Annika,Watters,sebastian.covert@consoles.com
X2UI5ILQV693OZZ0,2015-06-06,Brant,Garcia,bennie_isbell@gmail.com
1NQL8JQRDSPL01AO,2006-09-08,Mandie,Fisk,micaela-burge2520@gmail.com
IQFR2GC06Z3NQPQR,2019-05-20,Barbera,Clark-Atwell,yoshiko14@gmail.com
DVK5DQ8995L9K85Y,2003-07-07,Britney,Rincon,mariette_beauregard-gilbertson47567@yahoo.com
E9T560MUE1TN4BG4,1976-05-16,Lucina,Sapp,brigette_rand@gmail.com
2Q1AA0EMQ6XM5YZT,1999-05-15,Marchelle,Saunders,rima89@chess.com
KK6A0M3419815DF1,2001-03-29,Houston,Robb,goldie89027@yahoo.com
6ZVOPOAG7D1JVSO3,1976-10-29,Keeley,Fay,jutta615@server.com
VQBTLCQUM19LBKB9,2023-07-14,Ileana,Skaggs,rosemarie5016@gmail.com
40QEZ5TFU7DS05JT,1974-05-09,Iesha,Rhoades,olimpia.chatman@marvel.com
ZY3126H01VN6M63T,1984-12-05,Glennis,Hedges,len5@hotmail.com
CBZOUT8DD3QJVS83,2024-02-27,Mirella,Pulliam,justine078@hotmail.com
67V886Q5RZ7OQR5H,2000-09-22,Raymond,Robbins,nana2@hotmail.com
AYL5C6XMGSHKXU8V,2018-11-11,Colette,Custer,beverlee0948@cad.com
GQNENBQIS9T7R1B0,1989-08-29,Chu,Hutcheson,isadorachambers-pointer8@hotmail.com
SGBTAODRLF1ATD5N,1994-11-01,Bridgette,Rains,sergio-atherton69619@gmail.com
PJTQ414MQQ86G1PG,1983-09-08,Chrystal,Wilder,mignon44@mountain.is-gone.com
5909XPPCX0U1EQSR,2024-02-26,Marline,Spriggs,margot4@powder.com
Q2R9SR5TO7NN7VKU,2024-12-13,Kathlene,Faulkner,stacie.sumner584@manitoba.com
A12VBZUO4UQQRISM,1992-12-21,Leila,Fincher,sherman.canada@yahoo.com
ZQQMS6QL8NH1SLO0,2017-07-30,Belva,Best,carri_vazquez11@hotmail.com
893NH8ZH2FZ5CQQ6,2023-04-14,Krysta,Peace,lesia25@trips.com
2MOK7VTJRN1HED35,1978-11-26,Rutha,Runyan,kasandra_oglesby13883@hotmail.com
2I8HG2Q813LGOL1M,2011-08-29,Marlana,Mclain,milagro55@lodging.com
UTQLHR5FKNH9M25D,1978-05-24,Alessandra,Reeve,leonor_harlow@funding.com
2YSBTOGB93QE9CEN,1986-01-29,Nga,Leal,whitney-rosen@hotmail.com
Z1MZ9LBUSUJHOCMN,1980-02-25,Brendon,Fredrick,audie787@yahoo.com
6I8HNHDYMIJ2EXJ3,1980-03-19,Brianna,Jennings,rosiesalerno4029@hotmail.com
B7QV06ELF1FCJXLQ,1985-07-21,Cassaundra,Trout,molly46@amongst.com
ZYMIUKUMBQI4X2TK,2007-07-06,Mertie,Perron,shaunta-swisher@hotmail.com
9DR24RG7X5ISDZHB,2003-09-11,Rocco,Morgan,trena-shields1027@hotmail.com
II9VS4EH3LCRQALY,1995-03-14,Jacquiline,Kirby,leontinelim548@yahoo.com
2XQ1X2CPJ0T3K036,1988-08-12,Calista,Ybarra,myrtlewilkinson-bobbitt@pulled.historichouses.museum
VY68U5O2FI50ALA9,1970-11-05,Sherly,Getz,stuart596@mozambique.com
092QAU4MV1RTMC9U,1999-11-11,Corrinne,Newberry,rosanarandle33947@ellen.com
KNF0264Q2PULGSR8,1999-07-08,Annamarie,Edwards,anita95683@yahoo.com
J4EOFRPS7O93HVGI,2016-03-23,Nora,Dehart,frederic-silver9322@hotmail.com
QY0AKFQJUCP0J5SC,2016-01-29,Skye,Kenyon,ulyssesross@hotmail.com
8OQP775NDVEUS98L,2007-09-29,Alverta,Hebert,tu140@hotmail.com
DS4110G1NLYMQ3SU,1997-03-26,Loretta,Barham,shemeka4540@battery.ogawa.ibaraki.jp
F3D6Y56TQQ1C5412,1984-07-01,Lieselotte,Moya,viola-ferrer4813@yahoo.com
TCC06L8BSKHAJ1UI,1987-07-13,Tempie,Pate,evonne07949@victim.com
8IM9NSIBC0GCFF4I,1982-02-04,Diego,Arroyo,floy53@yahoo.com
R2C197LLMF8XSCPC,2012-02-22,Almeda,Babcock,shirley-lance@gmail.com
EQG7J4OSQX9TI5UJ,2005-08-06,Anika,Nason,tobie237@graph.com
1BOLUV8SHOOQRP3L,1978-04-05,Misti,Sutherland,hong-jordan274@hotmail.com
IVZMXVHJGG65XL1C,1991-12-21,Evelin,Lawless,jamieporterfield4@gmail.com
19OHKJVT7191I0G4,2003-01-19,Dollie,Albright,marni-arthur@hazards.com
Y15Q0VV41QIQD7T0,1970-07-25,Theda,Torres,laurence94@yahoo.com
5P0R85ZDZQCK1ZE9,1997-01-18,Brynn,Ortega,isidrocoburn413@china.com
MR7Y9JMJ1G0NJA36,1981-08-25,Larue,Hoang,aleisha5000@hotmail.com
17VPX9J1MQCHEVIJ,1971-11-29,Johna,Royal,jamal147@cottages.com
PR4GJ7SR51QH8CGS,1974-03-01,Odette,Gracia,rudolfturley@protective.habikino.osaka.jp
IQUEMNHCZ16TTQ0T,1981-03-06,Teddy,Grooms,elinorehooper@yahoo.com
I7FOMQ0CUT42V3LF,2013-07-01,Rasheeda,Dancy-Ferrara,chad.messenger0623@hotmail.com
XIXLCGJUGQNREOGC,2011-12-11,Dorcas,Newberry,dreama1811@hotmail.com
T0HQE8PVI2V64ECB,2020-12-24,Rosetta,Candelaria,sueanntoler27546@gmail.com
T3IQS0RV3UHGMJX1,2003-10-18,Joya,Stubblefield,francesco-jeffries-motley5@be.from-dc.com
GQIOOHFQJ4SQYYL8,2013-05-06,Kiana,Sharkey,israelabner4515@gmail.com
IPTPI08N8QT9866S,2000-11-15,Samantha,Gaines,hisako561@preventing.com
629ER90Y2XFOIRVH,2007-10-21,Ingeborg,Criswell,jessica_kearney@yahoo.com
76CRUJ2UIAZJVUML,2005-01-28,Kia,Falls,carrol7@bargains.kawanehon.shizuoka.jp
Z9G88MU9LZDQUQD5,1988-05-19,Tori,Mora-Porterfield,evan02085@gmail.com
N07IU77A5H1CQVAF,2023-09-15,Echo,Steel,gidget.power7633@shell.com
9DJXB4ER1V4ZYVPA,2002-08-25,Kirstie,Sewell,giuseppinaduke@pour.com
F0VUOOZRYOLYPG4U,1992-12-15,Ludivina,Gagne,tierra_beverly4@reaction.com
2GFOR2XL1JADZQDP,2001-11-12,Mercy,Windsor,luigi746@emission.com
2ST4OEFE51HGQO7T,2020-06-01,Long,Peltier,lianefine8627@hotmail.com
UT8EH9I8FVY9ZYLS,1998-11-05,Shandra,Ashley,lore-charles@thumbs.com
ZRNGX9IDEC13KQ8Q,2006-10-10,Prudence,Epps,adina81469@manually.com
XVNYUZENC6RMMNKO,1980-10-04,Scottie,Gaskin,charles-manley@yahoo.com
SBVUFZEJ9JQ3RKQ7,1974-05-28,Serafina,Varner,salome71042@hotmail.com
ZFG4NG6YYEXI6VP7,1973-11-30,Lena,Arias,tami_henderson10@butter.com
LIXD2QCVKEUTO97N,2011-11-17,Kerry,Jaynes,ofelia.hackney79@yahoo.com
YD4L8XKHQFQE8FZO,1996-12-15,Ana,Lawrence,etha.moreno07@yahoo.com
2LVYR0H4ACJ2JIQ9,1975-10-04,Princess,Webb,elois277@gmail.com
EGIN294ZPMPZZE7H,2010-01-16,Laureen,Humes,charles94@gmail.com
4A9VNFBR2MOQZ1VF,2003-05-03,Phylicia,Hopper,esteban_hostetler@yahoo.com
3PIBQREQAITY8LYP,2000-03-17,Lea,Friend,cammie.farrington@reads.com
GTF7QE90OKVCKS0L,2022-06-04,Penni,Devries,lorie.patel170@were.from-mi.com
2QJHEDZO5ESEUK7F,2019-04-21,Madelene,Watkins-Glaze,felicia8772@maximum.blogspot.co.il
A5QAHN8QMP8QR70R,2003-06-02,Christia,Dang,wilburnstark71@gmail.com
6HHK2OI7S6R9T6S0,2018-01-15,Hermine,Baez,luke2@messages.encyclopedic.museum
FY9MXAE47LEBS4T8,2000-12-15,Daren,Rhoads-Winn,josette.galvez9237@glen.kyuragi.saga.jp
9LUK799VYVZU1QY9,2003-06-02,Donn,Paterson,clarkworthy-whelan@gmail.com
XIEDGF19EN43Z1F4,2014-11-10,Shellie,Hollingsworth,beryl86@hotmail.com
8UB4LTMYRD7O5GQP,1976-01-12,Dotty,Huggins,robtompkins54@hotmail.com
EIGG54YQCENN7HBL,1997-07-07,Zora,Shafer,cristina-layton@yahoo.com
MFAQ47E9OHS6TQEL,1979-11-06,Randall,Milton,corene34468@closed.lib.mi.us
1A6VY63S7TJ6DSLX,2013-10-10,Teressa,Blunt-Broderick,alla_osborne52@apt.com
MH87R71CM43E64A8,2010-10-15,Barrie,Sowers,latashia_dove@classic.com
HH3QPVSZ6JLHP446,2003-08-26,Sharolyn,Tanner,stormy_taft829@hotmail.com
PHE830838C1J6L91,1978-11-05,Katelyn,Nye,marlana_carlisle4@next.com
8R6XP0QCSQRYQ8RV,2021-12-05,Madison,Elias,miguelstacey790@purpose.com
E7BQBGNQIZK8FKJU,1977-01-11,Florencia,Boyles,annamae50905@gmail.com
XSO4S8CHPT628NER,1989-01-02,Arlyne,Durant,natisha.lear411@everyday.com
RS39FZDB25T2LGC3,2001-01-26,Willy,Alcorn,regena92@yahoo.com
30A6B8PK2NJFRRQP,2006-08-15,Voncile,Guthrie,thao-wren4777@gmail.com
CNZI3GTRQTRUC995,2005-04-19,Abdul,Cushman,qiana-usher-allman4778@yahoo.com
L5RAZK3GGSFCBUG4,2014-04-30,Walker,Wiley,jake858@gmail.com
6YNGGMLIYM867QHL,1982-08-29,Renda,Ezell-Pickett,roxana_pinson@carbon.com
S2U3HVNQKLYNB7ER,2004-03-03,Reed,Lunsford,suzan24748@was.gildeskål.no
YEB9ANBRFUEEEG7G,2019-07-22,Thuy,Han,reginia.prosser2509@exit.med.sd
8HHK2793AKK83MYQ,2020-09-28,Bridgett,Mills,julianna-laporte97427@gmail.com
RH951DN1VSP60ATV,2013-11-28,Murray,Cheatham,maudkim23191@changing.com
QIQEBH09DVH3NFYL,1998-07-26,Bertha,Sparkman,brian.mcclung4@hotmail.com
526H9OK119KHRIF6,1970-08-11,Lanny,Reaves,temple9749@gmail.com
U19QOC1B7S0YHZ5F,2003-01-17,Arron,Chastain,linh.lunsford3281@scanner.com
I0163NQX9B2C70DG,2007-11-22,Jonnie,Samuels,hugh.rinaldi409@hotmail.com
YQ6TQT9YLRJL54VI,1975-01-09,Alexis,Lemieux,salome-blanks410@glasgow.com
DFRO4FDZ1DOQN50B,2020-02-14,Ramona,Conley,abram.carden00@land.com
7LIKQDLDXZ0M305A,1993-11-02,Sixta,Slayton,georgeanna_brito044@payroll.com
JZ5UOPGY4QFDNEU6,2003-01-30,Jame,Dell,cleopatra_krause21965@gmail.com
X03KLBNR5YONATCQ,2023-08-24,Joseph,Whitley,mickie.eggleston957@gmail.com
FETG39U74MB8PFE7,2012-02-24,Herminia,Templeton-Hand,georgianna60@lean.com
56M0XRMHODNLQ608,2015-06-28,Ayako,Schmitt,elton8405@yahoo.com
9LZRLJGFQNEMI6PH,1984-03-26,Meda,Gray,sachiko44@gmail.com
HSC0RK9A7RRRK0ZN,2018-02-28,Julia,Denman,henryobrien44@access.com
78F6KQZF3TPAM7L6,1972-06-06,Dian,Sullivan,kurt7525@yahoo.com
R5J6PRC4AB0M27S2,2012-12-11,Lucilla,Apodaca,jennefer_amundson710@gmail.com
GRRQQIORXY37MPNR,2023-06-08,Farah,Soliz,pansy-mcmichael@integral.com
26F0208UPKE0X8OE,1992-01-24,Karole,Post,winford-parsons28@yesterday.com
P9X1QJ0FVFDCQRMG,2020-01-21,Delorse,Sena,josephine.perdue696@yahoo.com
T132ZU84K9F9RUD3,2021-12-20,Juliann,Mcclinton,afton-gaines@certain.com
OQ94UDDPP1R413F9,1971-11-02,Analisa,Dupree,twyla5967@motors.com
ABUI3AQUSI24HUEJ,1979-08-06,Carisa,Kurtz,dianne-harlan@gmail.com
U6QM76KVAF5NF3MA,2000-09-29,Ida,Elston,viva7076@yahoo.com
Q46DCO8JA1D4IGMD,1993-11-28,Norman,Draper,michele3@cooking.com
OXCJBBL4QM22U3C9,2004-01-11,Cherlyn,Agnew,merry.benjamin@yahoo.com
JBZKM4BRUIN3ASZ0,2010-12-12,Avis,Deloach,lorainebynum@yahoo.com
01SPKD2D2GCBIMM2,2012-01-22,Deetta,Dickson-Downes,roni.demarco33@admin.com
OBJTUNYUAT5CFOMB,2006-05-31,Gricelda,Noe,tawana804@yahoo.com
M5NFE3A1XMZS00AX,1996-07-17,Julissa,Hensley,wilburn-perkins@mere.com
SHJHTMF0PRF3YC65,1973-03-07,Jeromy,Zhang,bret.carmichael@yahoo.com
2V03444KUZ6357FB,1997-08-20,Lorinda,Mcneil,roselyn-steel01978@shade.us-east-1.amazonaws.com
GKR1MILPB9RTHVB0,2019-02-15,Delta,Valentin,qiana36@meaning.com
YGQ1VAECKTDLZJ49,1976-03-07,Carisa,Bishop,rogelio3228@hotmail.com
7B9YZY5ICUDH9OF1,1988-01-10,Sylvie,Felton-Sims,tana-mcclelland552@people.com
ROA7ESAXYG7KZX3I,1980-06-06,Edie,Fulmer-Worthington,kayla_eller51@wales.com
VZ38Q8DQ0TAGUOPD,2024-07-15,Jessenia,May,johanna.almanza@gmail.com
GOF0K9SQV4N9RLRE,1986-05-05,Shayla,Kohler,tamekia-archie593@gabriel.com
J4PIM58VIEVDXOJ4,2022-08-06,Beverlee,Edgar-Canady,renato-ginn@hotmail.com
JLVLYQ9U1GTJQ5ST,2016-01-23,Sharron,Noe,azucena-padgett@yahoo.com
D84AVPOQL0KJKSEF,1998-10-15,Jess,Penn,vella.messenger0@square.com
UJKXM1DEJ0HRQ8KC,2017-04-07,Shamika,Eck,lucienheflin@hotmail.com
2KEXROYVP1X6QQUM,2013-11-19,Sherly,Vines,pariscolley@gmail.com
6N55NTUZPETZX092,1974-03-27,Shantae,Chance,floyd_kroll9@gulf.com
M8I3X49OQP8R1OBQ,1980-11-17,Regena,Damon,soila072@interpreted.com
16KQLZEV9N7XSCS8,2014-07-13,Ermelinda,Theriault,rosamaria-crutchfield3230@gmail.com
QFQB6HQ4Q59I56MH,2013-04-19,Ninfa,Mccabe,shakita_quiroz@hotmail.com
F0JBTCXKNQINHGOQ,1976-07-22,Gerda,Reuter,phillisdelong@scenarios.com
PR18LF0PP7O5MTLQ,1999-04-16,Cherise,Ackley,heath13904@yahoo.com
9623YNE3XX7YGG21,2011-05-22,Jared,Homer,emilio.stclair94018@yahoo.com
E2QDS64S9U8KNCQK,1986-07-17,Lorretta,Miley,moon-kaye000@yahoo.com
XBCB5XN2QYZZ6EO1,2009-12-31,Dorathy,Chiu,cornelius_holliday@imaging.com
IVIVGTV40QFY0RHH,1979-10-20,Charleen,Fried,dusty-glynn2103@hotmail.com
6ST3XR3LUJ60RNXM,2012-09-13,Aline,Dabbs,evette_lewis-dees@hotmail.com
1TN7XDV4E7QQ96RD,1986-04-21,Starr,Reynoso,raymonde.odell@yahoo.com
K0571FPNBOQBJ4DH,2023-03-23,Hilde,Allman,jenae_marr4@hotmail.com
E4XN614VXHL6NMH9,2001-05-24,Drew,Royer,nancie.downey12788@yahoo.com
CM8Q98LE9RDQAGU1,1985-07-06,Jesse,Crouse,garnet32@widely.com
DFUNDV12SB3ICFXU,1972-01-15,Siu,Burgos-Clawson,asuncion_farris50857@hotmail.com
UYX2RV3SCRZ1QJQ2,1972-05-04,Shelli,Herman-Delaney,nisha-peak08819@sheep.com
EZC0509CIRGQDQCF,1992-07-27,Aliza,Douglas,creola880@locations.farm.museum
P1KCKRR5LIAF2ACJ,1998-05-17,Marlo,Carnes,alina-broyles@indicate.com
GVBGG2FPO9F36OGH,1992-12-07,Peggy,Paulk,bobhillman8@gmail.com
X1SRHCFN9OF1EOEP,2012-04-24,Ronald,Branham,celineemery72191@gmail.com
O6R1UMT3NJ8AQY42,1982-07-23,Victorina,Craig,letitia.romeo662@hotmail.com
J56MDY2EQQPP01AA,1989-01-07,Cleveland,Passmore-Pulliam,tesha.lemus914@yahoo.com
4ZU7YRSC43NQMH7D,1993-08-06,Alfonso,Garrison,jacqueline50116@belts.com
2V8I4VVY3DGZ1NUC,1976-05-13,Nickole,Frame,kelsi6456@ventures.com
ZKCX332N1PTX40NQ,2002-09-30,Delores,Rock,bart-kilpatrick61@surely.riobranco.br
XNPYVL91S8K9JAQL,2011-03-08,Robena,Felder,chanelhostetler@sponsorship.com
7HF00Y8HLGJZ184P,1988-08-15,Maile,Mcdaniels-Eller,allyn-null@sail.com
6YNP9UNTM7ZJPCA3,1989-01-04,Sue,Saunders,waynecady87@quality.com
DPKEPQ515QYLJ81B,1991-03-14,Eli,Ritchie,althea.barlow@gmail.com
JBQJ4L9OBYJICFSE,2005-11-07,Avelina,Kee,gregg-dasilva-abney@hotmail.com
8HD3LV97820C4PMK,2016-07-14,Chad,Busch,elizapaine@gmail.com
4T1XJ9GSVSK0X1IF,1986-01-20,Kina,Raley,lou8376@hotmail.com
MOE2A8D7TUFUB3RG,2003-10-22,Fiona,Jewell,queen_fink5@yahoo.com
3CRKGN8FPEETIQUU,1998-01-13,Ona,Sutherland,megrainey@unlock.com
IIK2RJYNQUK71B3O,2024-04-22,Christia,Gallant,altagraciaframe461@letter.com
N1ITHPT6TO91D7FV,2007-09-14,Shannon,Ford,maiaelizondo@hotmail.com
XLVXGS1195U0X1FB,2007-09-14,Krystyna,Hummel,etsuko_ricker56@gmail.com
F72ENG4IKZZR9MLK,1972-07-24,Galen,Fogle,huong64@yahoo.com
8HLK3JYQ36XBASN7,2007-06-13,Fredrick,Strother,rosemarie06920@rural.takayama.nagano.jp
ELU09ETBJA8XPFAN,1980-05-11,Araceli,Gilliam,aleisha_kersey3003@yahoo.com
12T0URZFV4X18QVT,1978-05-29,Elwanda,Stahl,dorcas-barrows@gmail.com
R2QSF0C5Q9R8I5R9,2011-03-16,Lula,Shrader,shastamccollum@gmail.com
237SOBVILICAXKMK,1976-11-22,Clair,Benner,noella.gayle@yahoo.com
NM4KBTY0EG9AIYQS,1992-10-28,Dorthey,Milligan,nathanael.ruff375@gmail.com
5VYI3GNM3FV9CGQZ,2018-01-19,Coleen,Forte,fatimaenglish0552@yahoo.com
N9QPR1RPCMMIQTXJ,2009-11-17,Danna,Custer-Maguire,darrin727@gmail.com
396Y062L7JXQLF95,1976-04-23,Ellan,Hendricks,adah27@technician.com
KUCZTH1EJT18YL53,2005-07-13,Charmain,Hester,katheleenstanfield@deal.australia.museum
NILJ16CSPQZQYMQ7,1982-11-03,Hedy,Chavez,anthony-ledet@feel.com
IQU9S0YRAUAQ5QIC,1997-11-16,Rolf,Bevins,lakiesha-epstein343@sn.takikawa.hokkaido.jp
3PICQ7XGIY65YK3V,1973-11-01,Freda,Baggett,irving_mintz@yahoo.com
N17TNPMIVMKA3S9V,1983-02-10,Leida,Woodcock,clemencia_deloach8667@yahoo.com
JOHVXLGGKCM5CV5D,1979-11-21,Quintin,Glasgow,deeannawilber1@spin.gov.ms
1JO3PYHMMYREPK15,2000-07-26,Evan,Talley,nathan94634@hotmail.com
R9IH50K7ISQGTLQN,2002-08-16,Tamala,Cramer,dwight8891@yahoo.com
K9JQRIJLC2J4MBZ1,1993-09-14,Vashti,Gillen,justinabaughman@parent.com
5LG0S7DU2XHP43IU,1990-02-12,Joesph,Carnahan,tatyana_creighton@injuries.com
3KG05NRD0FNZUU83,1972-05-23,Sena,Cupp,leeanne_brookins92030@directions.com
2XMORZ9PVS5VAINQ,2000-06-01,Kesha,Guillory,larry.reis@establishment.pars
QE429LQ3MGUMTLL0,2013-06-16,Katy,Chavez,glenna_stillwell34@lesson.com
OIJU4X1U8LT4T21M,2012-02-05,Tillie,Grisham,charmain33@screening.com
0KUY1UG8GFQD32N8,2003-10-21,Evelia,Hutchings,wilhemina_alger6@yahoo.com
GID88AOFPGPS1QVJ,1996-11-20,Noella,Mccallister,lawana3@hotmail.com
53ZIRSPRFSVOCKE2,2019-12-26,Emma,Byers,jerry339@hotmail.com
E2BIC4YQZLERFMZX,2025-01-12,Tony,Spangler,freda.barber@yahoo.com
BGOE9ORVOM8TU5TP,2006-06-09,Isadora,Arteaga,magdalene_still84806@hotmail.com
QIAX90II3TUSUY84,2013-10-30,Leone,Riggins,jarrett1641@my.com
LTMQ4KTQMFUO7R0Q,1996-12-31,Deanne,Lavigne,hortensespencer48@yahoo.com
SFL2PSL6KDHCOBCD,2009-04-17,Hollis,Ahmad,timika59084@rrp.com
QBQ0BCNAV2UQ51QS,2018-04-14,Vickey,Morrill,debi-strange33516@vp.com
GIT3HU2JUVBH8JQV,1983-08-03,Shon,Brent,kirby.salas6@gmail.com
0P29PGMFOFFEFFLA,2009-10-07,Carmelo,Schenk,margeryhammer1@optimum.com
SYCFAZLGLE6AQA7E,2003-07-02,Joan,Keenan,gisele_vega086@until.com
GUVO376SQKVD4YN6,2006-09-06,Claudette,Arriaga,alvin.wilhite@errors.com
TLX0RR5TAVNDTF8N,2004-12-30,Marx,Lassiter,denaegomes0@yahoo.com
QUSLRD3DGJGO679I,2009-04-28,Melodie,Pease,jenelle-goldberg@nascar.com
4M86DP2Q2TU8BGGN,2018-08-26,Emily,Bernal,danilo92440@integer.com
JDLG3Y7J7ULH8QHO,2015-02-15,Tawna,Vang,keesha0206@fee.ilawa.pl
QMU477LL91DC6KTQ,2023-07-26,Merri,Vanburen,tajuana74@yahoo.com
AO4YIT6XRBHIRXNE,1970-12-23,Rosa,Teel,kieth563@hotmail.com
23GA3D6FZQ46LI50,2020-09-28,Faviola,Babb,kirstin18005@yahoo.com
XC0GCA3NH5LUSDSF,1989-04-28,Lurlene,Spooner,orvalhutton0946@hotmail.com
HQI6OYR7FZTC15ZS,2009-11-30,Hershel,Sweet,phung7@que.com
Y5P0KE07S7VCD547,1986-02-17,Shauna,Stepp,tanika-jaynes29@managed.com
J0MDI0QZAUF8Z2KE,1989-08-16,Vanita,Barrett,juliane25@seven.com
6T5N7UFG2P3GCN04,1978-09-14,Davina,Mobley,jann28296@sunshine.com
IRME1A2KHLCYY38D,1988-09-14,Lori,Mota,tennille-pope@abandoned.com
PJPS1663Z37VME0T,1998-03-20,Elise,Huston,whitley-kirkwood@gmail.com
0Q3V0VXSQTNYOUPR,1976-04-23,Meg,Quintana,brigittepurcell-waldron73@deal.com
Q9SA1HG65LQBGB9H,1976-07-23,Ferne,Mccann,ilenerockwell952@hotmail.com
FAEHOKVOP6BJ7AOF,2014-09-06,Isreal,Jarrett,mona06@gmail.com
A35DNGS3R94EXID5,2024-08-13,Michal,Golden-Pipkin,krystin-maldonado483@graph.com
H7ISF3T6MQQYRTX0,1987-08-02,Gisela,Brunson,georgiana-hickey@affiliate.com
5756FFD6NT1AK10N,2018-06-14,Desiree,Cornelius,britt.hyatt685@meter.com
0HRB4G4ABUUKYGUG,1983-09-29,Ona,Popp,arlena496@reasonable.com
XB1XNPKXZ5O49H97,2000-05-04,Enriqueta,Sills,jerri.blalock@spell.com
5GF97O5S3QP02Q4T,1975-06-29,Murray,Lujan-Squires,jeri-lorenzo2@yahoo.com
D5C7XZKKTNND6Z07,1994-10-04,Ladonna,Toledo,cody.west4@revenge.com
7TJGG0ISQQ6HQ3AI,2025-01-21,Carl,Pak,kathline.edmonds7@statute.com
J7BFQJ5F7HOSV0QT,1980-08-30,Kristie,Stubbs,maudie7466@executed.kamijima.ehime.jp
YQ3TB12VR1UR2V9Q,1976-10-17,Tynisha,Oneill,harry.north@travis.com
PM7OQZJDQYU40I69,2017-11-08,Lory,Ricker,sherlene8@hotmail.com
QGUPET5AYM39VAZP,1984-04-10,Lydia,Wade,mittie.barden73144@yahoo.com
J71LSQ81C8EOCYTQ,1988-09-24,Bernard,Denning,mardell_locklear6265@gmail.com
3O4ZY88CBDS5GTEV,2004-03-24,Jeanene,Faulk,terica.sommers460@gays.hockey
JYBJDFHHBZ10131Y,2001-12-08,Taneka,Coward,hunter71240@flowers.com
3VG2SAQ0H2S4ZTHH,2017-06-22,Demetrius,Rutledge,margot_hitt9976@thus.com
VCISNQQGZJ9FVZGM,1996-01-02,Danita,Hildebrand,myles.boren9405@gmail.com
R7DV6Q2VQV9I0U9M,2016-01-26,Alishia,Sun,salenamarkham893@hotmail.com
8KR4R7JJGVKVVNTX,1996-05-08,Shery,Rodman,beverly-clifford@that.jambyl.su
NQISL4LJI8LQ0IM5,2017-04-09,Debi,Tom,luetta.mosley@served.com
7X5TS9H1T4GHE0OM,2003-08-19,Trena,Lachance,claudette-porterfield5504@cooperative.com
HZB36ZM8FFHMO889,1998-01-28,Vergie,Larsen,penny45@hotmail.com
XZK1TQH4BLDU28FZ,1978-08-03,Aron,Fort,suestarr91@gmail.com
FDETAY9BZ7NZ2X7Z,1992-07-04,Waldo,Irons,jenifer_nash1722@browsing.com
U2ELLZEORQYIK2BB,1973-06-08,Jeannine,Picard,rebecka4344@hotmail.com
I0GXCDHJNMRGN13R,1971-08-30,Marnie,Redding,masakobeale@shore.com
GNQRX1K1YI8TL2XS,2006-06-03,Raymond,Cody,purathompson14@gmail.com
Y8G7HBORKE6RP2PS,2008-05-28,Jacques,Earls,dianne.stansberry8@diy.com
4U4J4A5AH61PAR3N,1985-09-29,Marylee,Cheek,art_pelletier97@hotmail.com
MRRBP0E689GZCH9T,2016-05-16,Marcell,Cameron-Trice,manbumgarner-allen6351@hotmail.com
3AFAU46MUQFQ540F,1999-05-06,Alethia,Meyer,enrique-devito@academy.com.so
OQFI2MK3ZDT4JDL3,2004-05-06,Constance,Cardenas-Delaney,felipewarren@gmail.com
SVVX5EYJNF6S8A81,1985-05-25,Valencia,Arellano,yahairasykes40@hotmail.com
6IPNKG56DAXLAZPE,2011-04-18,September,Curtis,meggan487@stroke.com
HYGBNK6DVFIOB889,2022-02-26,Lynnette,Rainey-Spurlock,wyatt273@yahoo.com
IXGGLPMZN740AISE,1976-09-10,Norah,Vallejo-Weddle,thilockett64@essex.org.za